website,keyword:官网
campus,keyword:campus
campus,keyword:校区
录取几率,keyword:录取几率
录取几率,keyword:录取概率
项目简介,keyword:项目简介
tuition,keyword:学费
extra_requirement,keyword:背景
extra_requirement,keyword:要求
extra_requirement,keyword:PS
extra_requirement,keyword:CV
extra_requirement,keyword:个人陈述
extra_requirement,keyword:简历
extra_requirement,keyword:推荐信
language_requirement,keyword:GRE
language_requirement,keyword:GMAT
extra_requirement,keyword:LSAT
extra_requirement,keyword:REQUIREMENT
deadline,keyword:申请截止日期
deadline,keyword:申请截止
language_requirement,keyword:托福
language_requirement,keyword:雅思
网申入口,keyword:网申入口
网申入口,keyword:网申链接
专精,keyword:专精
专精,keyword:专精方向
rank,entity:rank-source
