-999,keyword:霍格沃茨
239,keyword:Princeton
239,keyword:普林斯顿大学
239,keyword:普林斯顿
239,keyword:普林
183,keyword:Harvard
183,keyword:哈佛
183,keyword:哈弗
183,keyword:哈佛大学
183,keyword:哈弗大学
301,keyword:Yale
301,keyword:耶鲁
301,keyword:耶鲁大学
153,keyword:哥伦比亚
153,keyword:哥伦比亚大学
153,keyword:美国哥伦比亚大学
153,keyword:美国的哥伦比亚大学
153,keyword:哥大
250,keyword:Stanford
250,keyword:斯坦福
250,keyword:斯坦福大学
250,keyword:史丹佛
250,keyword:史丹佛大学
250,keyword:史丹福
250,keyword:史丹福大学
254,keyword:Chicago
254,keyword:Uchi
254,keyword:芝加哥
254,keyword:芝大
254,keyword:芝加哥大学
212,keyword:MIT
212,keyword:麻省理工
212,keyword:马赛诸塞理工
212,keyword:马萨诸塞理工
212,keyword:麻省理工学院
212,keyword:马赛诸塞理工学院
212,keyword:马萨诸塞理工学院
212,keyword:麻理
212,keyword:马理
170,keyword:Duke
170,keyword:DukeU
170,keyword:杜克
170,keyword:杜克大学
295,keyword:Pennsylvania
295,keyword:UPenn
295,keyword:宾夕法尼亚大学
295,keyword:宾州大学
295,keyword:宾夕法尼亚
295,keyword:宾大
136,keyword:Caltech
136,keyword:CIT
136,keyword:加州理工
136,keyword:加利福尼亚理工
136,keyword:加州理工学院
136,keyword:加利福尼亚理工学院
136,keyword:加州理工学院
136,keyword:加理
157,keyword:Dartmouth
157,keyword:达特茅斯
157,keyword:达特茅茨
157,keyword:达特茅斯学院
157,keyword:达特茅茨学院
194,keyword:JHU
194,keyword:霍普金斯
194,keyword:霍普金森
194,keyword:霍普金斯大学
194,keyword:霍普金森大学
194,keyword:约翰霍普金斯
194,keyword:约翰霍普金森
194,keyword:约翰霍普金斯大学
194,keyword:约翰霍普金森大学
229,keyword:Northwestern
229,keyword:NWU
229,keyword:西北
229,keyword:西北大学
229,keyword:美国西北
229,keyword:美国西北大学
302,keyword:WUstl
302,keyword:华盛顿大学圣路易斯分校
302,keyword:华大圣路易斯
302,keyword:华大圣路易斯分校
302,keyword:华盛顿圣路易斯
302,keyword:华盛顿圣路易斯分校
155,keyword:Cornell
155,keyword:康奈尔
155,keyword:康乃尔
155,keyword:康奈尔大学
155,keyword:康乃尔大学 
124,keyword:Brown
124,keyword:BrownU
124,keyword:布朗
124,keyword:布朗大学
404,keyword:ND
404,keyword:圣母
404,keyword:诺特丹
404,keyword:圣母大学
404,keyword:诺特丹大学
297,keyword:Vanderbilt
297,keyword:范德堡
297,keyword:范德堡大学
240,keyword:Rice
240,keyword:莱斯
240,keyword:赖斯
240,keyword:米大
240,keyword:莱斯大学
240,keyword:赖斯大学
123,keyword:UCB
123,keyword:UCBerkeley
123,keyword:Berkeley
123,keyword:加大伯克利
123,keyword:伯克利
123,keyword:加州伯克利
123,keyword:加州大学伯克利
123,keyword:加州大学伯克利分校
123,keyword:加利福尼亚大学伯克利
123,keyword:加利福尼亚大学伯克利分校
173,keyword:Emory
173,keyword:埃默里
173,keyword:埃默里大学
182,keyword:Georgetowen
182,keyword:乔治城
182,keyword:乔治敦
182,keyword:乔治屯
182,keyword:乔治顿
182,keyword:乔治城大学
182,keyword:乔治敦大学
182,keyword:乔治屯大学
182,keyword:乔治顿大学
255,keyword:UCLA
255,keyword:加大洛杉矶
255,keyword:加州洛杉矶
255,keyword:加州大学洛杉矶
255,keyword:加州大学洛杉矶分校
255,keyword:加利福尼亚大学洛杉矶
255,keyword:加利福尼亚大学洛杉矶分校
298,keyword:UVA
298,keyword:Virginia
298,keyword:弗吉尼亚
298,keyword:佛吉尼亚
298,keyword:弗吉尼亚大学
298,keyword:佛吉尼亚大学
145,keyword:CMU
145,keyword:卡内基梅隆
145,keyword:凯耐基梅隆
145,keyword:卡内基梅隆大学
145,keyword:凯耐基梅隆大学
145,keyword:卡耐基梅隆大学
145,keyword:卡耐基梅隆
294,keyword:USC
294,keyword:南加大
294,keyword:南加
294,keyword:南加州
294,keyword:南加利福尼亚
294,keyword:南加大学
294,keyword:南加州大学
294,keyword:南加利福尼亚大学
433,keyword:Tufts
433,keyword:塔夫斯
433,keyword:塔夫茨
433,keyword:塔夫斯大学
433,keyword:塔夫茨大学
475,keyword:WFU
475,keyword:维克森林
475,keyword:维克弗里斯特
475,keyword:威克森林
475,keyword:威克弗里斯特
475,keyword:维克森林大学
475,keyword:维克弗里斯特大学
475,keyword:威克森林大学
475,keyword:威克弗里斯特大学
291,keyword:Umich
291,keyword:AnnArbor
291,keyword:密歇根大学
291,keyword:密歇根安娜堡
291,keyword:安娜堡
291,keyword:密西根安娜堡
291,keyword:密歇根大学安娜堡
291,keyword:密西根大学安娜堡
291,keyword:密歇根大学安娜堡分校
291,keyword:密西根大学安娜堡分校
293,keyword:UNC
293,keyword:教堂山
293,keyword:北卡
293,keyword:北卡大学
293,keyword:北卡教堂山
293,keyword:北卡罗来纳
293,keyword:北卡罗莱纳
293,keyword:北卡罗来纳大学
293,keyword:北卡罗莱纳大学
293,keyword:北卡罗来纳大学教堂山
293,keyword:北卡罗莱纳大学教堂山
293,keyword:北卡大学教堂山
293,keyword:北卡大学教堂山分校
293,keyword:北卡罗来纳大学教堂山分校
293,keyword:北卡罗莱纳大学教堂山分校
494,keyword:Boston
494,keyword:BC
494,keyword:波士顿学院
494,keyword:波士敦学院
230,keyword:NYU
230,keyword:纽约大学
495,keyword:WM
495,keyword:威廉玛丽
495,keyword:威廉姆玛丽
495,keyword:威廉玛丽学院
495,keyword:威廉姆玛丽学院
242,keyword:Rochester
242,keyword:罗切斯特
242,keyword:罗彻斯特
242,keyword:罗切斯特大学
242,keyword:罗彻斯特大学
322,keyword:Brandeis
322,keyword:Brandies
322,keyword:布兰迪斯
322,keyword:布兰代斯
322,keyword:布兰戴斯
181,keyword:Gatech
181,keyword:佐治亚理工
181,keyword:乔治亚理工
181,keyword:佐治亚理工学院
181,keyword:乔治亚理工学院
258,keyword:UCSD
258,keyword:加大圣地亚哥
258,keyword:加州圣地亚哥
258,keyword:加州大学圣地亚哥
258,keyword:加州大学圣地亚哥分校
258,keyword:加大圣迭戈
258,keyword:加州圣迭戈
258,keyword:加州大学圣迭戈
258,keyword:加州大学圣迭戈分校
258,keyword:加利福尼亚大学圣地亚哥
258,keyword:加利福尼亚大学圣地亚哥分校
258,keyword:加利福尼亚大学圣迭戈
258,keyword:加利福尼亚大学圣迭戈分校
137,keyword:CWRU
137,keyword:凯斯西储
137,keyword:凯斯西储大学
253,keyword:UCD
253,keyword:UCDavis
253,keyword:Davis
253,keyword:加大戴维斯
253,keyword:戴维斯
253,keyword:加州戴维斯
253,keyword:加州大学戴维斯
253,keyword:加州大学戴维斯分校
253,keyword:加利福尼亚大学戴维斯
253,keyword:加利福尼亚大学戴维斯分校
397,keyword:Lehigh
397,keyword:理海
397,keyword:里海
397,keyword:利哈伊
397,keyword:李海
397,keyword:理海大学
397,keyword:里海大学
397,keyword:利哈伊大学
397,keyword:李海大学
261,keyword:UCSB
261,keyword:加大圣芭芭拉
261,keyword:加大圣巴巴拉
261,keyword:加大圣塔芭芭拉
261,keyword:加大圣塔巴巴拉
261,keyword:加州圣芭芭拉
261,keyword:加州圣巴巴拉
261,keyword:加州圣塔芭芭拉
261,keyword:加州圣塔巴巴拉
261,keyword:加州大学圣芭芭拉
261,keyword:加州大学圣巴巴拉
261,keyword:加州大学圣塔芭芭拉
261,keyword:加州大学圣塔巴巴拉
261,keyword:加州大学圣芭芭拉分校
261,keyword:加州大学圣巴巴拉分校
261,keyword:加州大学圣塔芭芭拉分校
261,keyword:加州大学圣塔巴巴拉分校
261,keyword:加利福尼亚大学圣芭芭拉
261,keyword:加利福尼亚大学圣巴巴拉
261,keyword:加利福尼亚大学圣塔芭芭拉
261,keyword:加利福尼亚大学圣塔巴巴拉
261,keyword:加利福尼亚大学圣芭芭拉分校
261,keyword:加利福尼亚大学圣巴巴拉分校
261,keyword:加利福尼亚大学圣塔芭芭拉分校
261,keyword:加利福尼亚大学圣塔巴巴拉分校
125,keyword:BU
125,keyword:波士顿大学
125,keyword:波士敦大学
409,keyword:Northeastern
409,keyword:NEU
409,keyword:东北
409,keyword:东北大学
409,keyword:美国东北
409,keyword:美国东北大学
496,keyword:RPI
496,keyword:伦斯勒
496,keyword:伦斯勒理工
496,keyword:伦斯勒理工学院
496,keyword:伦斯勒理工大学
256,keyword:UCI
256,keyword:UCIrvine
256,keyword:Irvine
256,keyword:加大欧文
256,keyword:加大尔湾
256,keyword:欧文
256,keyword:尔湾
256,keyword:加州欧文
256,keyword:加州尔湾
256,keyword:加州大学欧文
256,keyword:加州大学尔湾
256,keyword:加州大学欧文分校
256,keyword:加州大学尔湾分校
256,keyword:加利福尼亚大学欧文
256,keyword:加利福尼亚大学尔湾
256,keyword:加利福尼亚大学欧文分校
256,keyword:加利福尼亚大学尔湾分校
192,keyword:UIUC
192,keyword:伊利诺伊香槟
192,keyword:伊利诺伊香槟分校
192,keyword:玉米地
192,keyword:玉米地大学
192,keyword:伊利诺伊大学香槟
192,keyword:伊利诺伊大学香槟分校
192,keyword:伊利诺伊大学阿巴纳香槟
192,keyword:伊利诺伊大学阿巴纳香槟分校
192,keyword:伊利诺伊大学厄巴纳香槟
192,keyword:伊利诺伊大学厄巴纳香槟分校
300,keyword:UWM
300,keyword:威斯康星麦迪逊
300,keyword:威斯康辛麦迪逊
300,keyword:威斯康星大学麦迪逊分校
300,keyword:威斯康辛大学麦迪逊分校
238,keyword:PSU
238,keyword:宾州公园
238,keyword:宾州州立
238,keyword:宾州州立公园
238,keyword:宾夕法尼亚州立
238,keyword:宾州立
238,keyword:宾夕法尼亚州立大学
238,keyword:宾州州立大学
260,keyword:UFL
260,keyword:佛罗里达
260,keyword:弗罗里达
260,keyword:佛罗里达大学
260,keyword:弗罗里达大学
399,keyword:Miami
399,keyword:迈阿密大学
399,keyword:麦阿密大学
399,keyword:迈阿密大学
399,keyword:麦阿密大学
299,keyword:Washington
299,keyword:UW
299,keyword:U大
299,keyword:华盛顿
299,keyword:华盛顿大学
480,keyword:Yeshiva
480,keyword:YU
480,keyword:叶史瓦
480,keyword:耶斯希瓦
480,keyword:叶史瓦大学
480,keyword:耶斯希瓦大学
296,keyword:Utexas
296,keyword:德克萨斯奥斯汀
296,keyword:德克萨斯奥斯丁
296,keyword:德州奥斯汀
296,keyword:德州奥斯丁
296,keyword:德克萨斯大学奥斯汀
296,keyword:德克萨斯大学奥斯丁
296,keyword:德州大学奥斯汀
296,keyword:德州大学奥斯丁
296,keyword:德克萨斯大学奥斯汀分校
296,keyword:德克萨斯大学奥斯丁分校
296,keyword:德州大学奥斯汀分校
296,keyword:德州大学奥斯丁分校
379,keyword:GWU
379,keyword:乔治华盛顿
379,keyword:乔治华盛顿大学
235,keyword:OSU
235,keyword:俄亥俄州立
235,keyword:俄亥俄州立大学
235,keyword:俄亥俄州立哥伦布
235,keyword:俄亥俄州立大学哥伦布
235,keyword:俄亥俄州立哥伦布分校
235,keyword:俄亥俄州立大学哥伦布分校
413,keyword:Pepperdine
413,keyword:佩珀代因
413,keyword:佩珀代因大学
434,keyword:Tulane
434,keyword:杜兰
434,keyword:杜兰大学
371,keyword:Fordham
371,keyword:福坦莫
371,keyword:福德汉姆
371,keyword:佛罕
371,keyword:弗罕
371,keyword:福坦莫大学
371,keyword:福德汉姆大学
371,keyword:佛罕大学
371,keyword:弗罕大学
497,keyword:SMU
497,keyword:南卫理公会
497,keyword:南卫理公会大学
427,keyword:SYR
427,keyword:Syracuse
427,keyword:雪城
427,keyword:锡拉丘兹
427,keyword:雪城大学
427,keyword:锡拉丘兹大学
443,keyword:Uconn
443,keyword:Connecticut
443,keyword:康涅狄格
443,keyword:康涅狄格大学
498,keyword:BYU
498,keyword:杨百翰
498,keyword:杨百翰大学
498,keyword:杨百翰大学普罗沃分校
333,keyword:Clemson
333,keyword:克莱姆森
333,keyword:克莱蒙森
333,keyword:克莱姆森大学
333,keyword:克莱蒙森大学
241,keyword:Purdue
241,keyword:PU
241,keyword:普渡
241,keyword:普度
241,keyword:潽渡
241,keyword:潽度
241,keyword:普度大学
241,keyword:潽渡大学
241,keyword:普渡大学
241,keyword:潽渡大学西拉斐特
241,keyword:普渡大学西拉斐特
241,keyword:普度大学西拉斐特
241,keyword:潽渡大学拉斐特
241,keyword:普渡大学拉斐特
241,keyword:普度大学拉斐特
241,keyword:潽渡大学西拉法耶特
241,keyword:普度大学西拉法耶特
241,keyword:普渡大学西拉法耶特
241,keyword:普度大学拉法耶特
241,keyword:普渡大学拉法耶特
241,keyword:潽渡大学拉法耶特
241,keyword:普度大学西拉菲叶特
241,keyword:潽渡大学西拉菲叶特
241,keyword:普渡大学西拉菲叶特
241,keyword:潽渡大学拉菲叶特
241,keyword:普度大学拉菲叶特
241,keyword:普渡大学拉菲叶特
241,keyword:潽渡大学西拉斐特分校
241,keyword:普渡大学西拉斐特分校
241,keyword:普度大学西拉斐特分校
241,keyword:潽渡大学拉斐特分校
241,keyword:普渡大学拉斐特分校
241,keyword:普度大学拉斐特分校
241,keyword:普度大学西拉法耶特分校
241,keyword:普渡大学西拉法耶特分校
241,keyword:普渡大学西拉法耶特分校
241,keyword:潽渡大学拉法耶特分校
241,keyword:普渡大学拉法耶特分校
241,keyword:普度大学拉法耶特分校
241,keyword:普度大学西拉菲叶特分校
241,keyword:潽渡大学西拉菲叶特分校
241,keyword:普渡大学西拉菲叶特分校
241,keyword:潽渡大学拉菲叶特分校
241,keyword:普度大学拉菲叶特分校
241,keyword:普渡大学拉菲叶特分校
448,keyword:UGA
448,keyword:佐治亚
448,keyword:乔治亚
448,keyword:佐治亚大学
448,keyword:乔治亚大学
289,keyword:UMD
289,keyword:马里兰
289,keyword:马里兰大学
289,keyword:马里兰帕克
289,keyword:马里兰伯克
289,keyword:马里兰大学帕克
289,keyword:马里兰大学伯克
289,keyword:马里兰大学帕克分校
289,keyword:马里兰大学伯克分校
237,keyword:Pitt
237,keyword:匹兹堡
237,keyword:佩斯堡
237,keyword:匹兹堡大学
237,keyword:佩斯堡大学
251,keyword:TAMU
251,keyword:德州农机
251,keyword:德州农工
251,keyword:德州塔木
251,keyword:德克萨斯农机
251,keyword:德克萨斯农工
251,keyword:德克萨斯塔木
251,keyword:德州农机大学
251,keyword:德州农工大学
251,keyword:德州塔木大学
251,keyword:德克萨斯农机大学
251,keyword:德克萨斯农工大学
251,keyword:德克萨斯塔木大学
499,keyword:WPI
499,keyword:伍斯特
499,keyword:伍斯特理工
499,keyword:伍斯特理工学院
422,keyword:Rutgers
422,keyword:罗格斯
422,keyword:罗格斯新不伦瑞克
422,keyword:罗格斯新不伦瑞克分校
305,keyword:American
305,keyword:美国大学
305,keyword:美利坚大学
305,keyword:美帝大学
317,keyword:Baylor
317,keyword:贝勒
317,keyword:贝勒大学
317,keyword:贝大
449,keyword:UIowa
449,keyword:Iowa
449,keyword:爱荷华
449,keyword:艾奥瓦
449,keyword:爱荷华大学
449,keyword:艾奥瓦大学
292,keyword:UMN
292,keyword:明尼苏达双城
292,keyword:明尼苏达双子城
292,keyword:明尼苏达双城分校
292,keyword:明尼苏达双子城分校
292,keyword:明尼苏达大学双城
292,keyword:明尼苏达大学双子城
292,keyword:明尼苏达大学双城分校
292,keyword:明尼苏达大学双子城分校
474,keyword:VT
474,keyword:VTech
474,regex:Virginia  Tech
474,keyword:弗吉尼亚理工
474,keyword:佛吉尼亚理工
474,keyword:弗州理工
474,keyword:佛州理工
474,keyword:弗吉尼亚理工大学
474,keyword:佛吉尼亚理工大学
474,keyword:弗州理工大学
474,keyword:佛州理工大学
332,keyword:Clark
332,keyword:Clarku
332,keyword:克拉克
332,keyword:克拉克大学
390,keyword:IUB
390,keyword:印第安纳伯明顿
390,keyword:印第安那伯明顿
390,keyword:印第安纳大学
390,keyword:印第安那大学
390,keyword:印第安纳搏命屯
390,keyword:印第安那搏命屯
390,keyword:伯明顿
390,keyword:搏命屯
390,keyword:印第安纳大学伯明顿
390,keyword:印第安那大学伯明顿
390,keyword:印第安纳大学搏命屯
390,keyword:印第安那大学搏命屯
390,keyword:印第安纳伯明顿分校
390,keyword:印第安那伯明顿分校
390,keyword:印第安纳搏命屯分校
390,keyword:印第安那搏命屯分校
390,keyword:印第安纳大学伯明顿分校
390,keyword:印第安那大学伯明顿分校
390,keyword:印第安纳大学搏命屯分校
390,keyword:印第安那大学搏命屯分校
500,keyword:Marquette
500,keyword:马凯特
500,keyword:马凯特大学
401,keyword:Miamioh
401,keyword:迈阿密牛津
401,keyword:迈阿密大学牛津
401,keyword:迈阿密牛津分校
401,keyword:迈阿密大学牛津分校
501,keyword:Stevens
501,keyword:史蒂文斯理工
501,keyword:史蒂文斯科技
501,keyword:史蒂文斯理工学院
501,keyword:史蒂文斯科技学院
502,keyword:ESF
502,keyword:纽约州立环境与森林学院
502,keyword:纽约州立大学环境与森林
502,keyword:纽约州立环境与森林
502,keyword:纽约州立大学环境与森林学院
502,keyword:纽州立环境与森林学院
502,keyword:纽州立大学环境与森林
502,keyword:纽州立环境与森林
502,keyword:纽州立大学环境与森林学院
503,keyword:TCU
503,keyword:德州基督
503,keyword:德克萨斯基督
503,keyword:德州基督教大学
503,keyword:德克萨斯基督教大学
446,keyword:Udel
446,keyword:特拉华
446,keyword:德拉华
446,keyword:特拉华大学
446,keyword:德拉华大学
466,keyword:Umass
466,keyword:麻省大学阿默斯特
466,keyword:麻省大学阿莫斯特
466,keyword:麻省大学阿默斯特分校
466,keyword:麻省大学阿莫斯特分校
466,keyword:马萨诸塞大学阿默斯特
466,keyword:马萨诸塞大学阿莫斯特
466,keyword:马萨诸塞大学阿默斯特分校
466,keyword:马萨诸塞大学阿莫斯特分校
466,keyword:马赛诸塞大学阿默斯特
466,keyword:马赛诸塞大学阿莫斯特
466,keyword:马赛诸塞大学阿默斯特分校
466,keyword:马赛诸塞大学阿莫斯特分校
466,keyword:马萨诸塞阿默斯特
466,keyword:马萨诸塞阿莫斯特
466,keyword:马赛诸塞阿默斯特
466,keyword:马赛诸塞阿莫斯特
504,keyword:CSM
504,keyword:科罗拉多矿业
504,keyword:科罗拉多挖矿
504,keyword:科罗拉多矿业大学
504,keyword:科罗拉多挖矿大学
426,keyword:StonyBrook
426,keyword:纽约州立石溪
426,keyword:纽约州立大学石溪
426,keyword:纽约州立石溪分校
426,keyword:纽约州立大学石溪分校
426,keyword:纽州立石溪
426,keyword:纽州立大学石溪
426,keyword:纽州立石溪分校
426,keyword:纽州立大学石溪分校
439,keyword:UA
439,keyword:Bama
439,keyword:Alabama
439,keyword:阿拉巴马
439,keyword:阿拉巴马大学
154,keyword:Colorado
154,keyword:Boulder 
154,keyword:科罗拉多波尔德
154,keyword:科罗拉多博尔德
154,keyword:科罗拉多大学波尔德
154,keyword:科罗拉多大学博尔德
154,keyword:科罗拉多波尔德分校
154,keyword:科罗拉多博尔德分校
154,keyword:科罗拉多大学波尔德分校
154,keyword:科罗拉多大学博尔德分校
505,keyword:DU
505,keyword:丹佛
505,keyword:丹弗
505,keyword:丹佛大学
505,keyword:丹弗大学
506,keyword:Utulsa
506,keyword:塔尔萨
506,keyword:塔尔萨大学
507,keyword:Drexel
507,keyword:卓克索
507,keyword:爵硕
507,keyword:德雷塞尔
507,keyword:卓克索大学
507,keyword:爵硕大学
507,keyword:德雷塞尔大学
377,keyword:FSU
377,keyword:弗罗里达州立
377,keyword:佛罗里达州立
377,keyword:弗罗里达州立大学
377,keyword:佛罗里达州立大学
508,keyword:NCSU
508,keyword:北卡罗来纳州立
508,keyword:北卡州立
508,keyword:北卡州立大学
508,keyword:北卡罗来纳州立大学
509,keyword:Sandiego
509,keyword:圣迭戈大学
509,keyword:圣地亚哥大学
510,keyword:SLU
510,keyword:圣路易斯
510,keyword:圣刘易斯
510,keyword:圣路易斯大学
510,keyword:圣刘易斯大学
400,keyword:MU
400,keyword:Missouri 
400,keyword:密苏里
400,keyword:密苏里大学
511,keyword:UNL
511,keyword:内布拉斯加林肯
511,keyword:内布拉斯加林肯大学
511,keyword:内布拉斯加大学林肯
511,keyword:内布拉斯加大学林肯分校
469,keyword:UNH
469,keyword:新罕布什尔
469,keyword:新罕布什尔大学
512,keyword:Carleton
512,keyword:卡尔顿
512,keyword:卡尔顿大学
513,keyword:Concordia
513,keyword:康考迪亚
513,keyword:康考迪亚大学
325,keyword:DAL
325,keyword:达尔豪斯
325,keyword:戴尔豪斯
325,keyword:达尔豪斯大学
325,keyword:戴尔豪斯大学
127,keyword:Mcgill
127,keyword:麦吉尔
127,keyword:麦基尔
127,keyword:麦吉尔大学
127,keyword:麦基尔大学
130,keyword:Mcmaster
130,keyword:麦马
130,keyword:麦克马斯特
130,keyword:麦克马斯特大学
514,keyword:MUN
514,keyword:纽芬兰纪念
514,keyword:纽芬兰纪念大学
126,keyword:Queens
126,keyword:皇后
126,keyword:皇后大学
515,keyword:Ryerson
515,keyword:瑞尔森
515,keyword:瑞尔森大学
326,keyword:SFU
326,keyword:西蒙菲莎
326,keyword:西蒙弗雷泽
326,keyword:西蒙菲沙大学
326,keyword:西蒙弗雷泽大学
516,keyword:Winnipeg
516,keyword:温尼伯
516,keyword:温尼伯大学
128,keyword:UAB
128,keyword:阿尔伯塔
128,keyword:艾伯塔
128,keyword:阿尔伯塔大学
128,keyword:艾伯塔大学
493,keyword:UBC
493,keyword:英属哥伦比亚
493,keyword:卑大
493,keyword:不列颠哥伦比亚
493,keyword:英属哥伦比亚大学
493,keyword:卑诗大学
493,keyword:不列颠哥伦比亚大学
327,keyword:UC
327,keyword:卡尔加里
327,keyword:卡尔加里大学
517,keyword:Guelph
517,keyword:圭尔夫
517,keyword:圭尔夫大学
518,keyword:Manitoba
518,keyword:曼尼托巴
518,keyword:曼尼托巴大学
519,keyword:UM
519,keyword:蒙特利尔
519,keyword:蒙特利尔大学
520,keyword:UOIT
520,keyword:安省理工
520,keyword:安大略理工
520,keyword:安省理工大学
520,keyword:安大略理工大学
521,keyword:UNBC
521,keyword:北英属哥伦比亚
521,keyword:北不列颠哥伦比亚
521,keyword:北卑大
521,keyword:北英属哥伦比亚大学
521,keyword:北不列颠哥伦比亚大学
521,keyword:北卑诗大学
329,keyword:UO
329,keyword:渥太华
329,keyword:渥太华大学
522,keyword:UPEI
522,keyword:爱德华王子岛
522,keyword:爱德华王子岛大学
523,keyword:UQAM
523,keyword:魁北克大学蒙特利尔分校
524,keyword:Regina
524,keyword:里贾纳
524,keyword:雷琴纳
524,keyword:里贾纳大学
524,keyword:雷琴纳大学
525,keyword:USASK
525,keyword:萨省大学
525,keyword:萨斯克彻温大学
526,keyword:Sherbrooke
526,keyword:谢布克
526,keyword:谢布克大学
131,keyword:UT
131,keyword:多大
131,keyword:多伦多
131,keyword:多伦多大学
330,keyword:UVIC
330,keyword:维多利亚
330,keyword:维多利亚大学
132,keyword:UWaterloo
132,keyword:滑铁卢
132,keyword:水卢
132,keyword:滑铁卢大学
527,keyword:UWO
527,keyword:Western
527,keyword:西安大略
527,keyword:西安大略大学
528,keyword:Winsor
528,keyword:温莎
528,keyword:温莎大学
529,keyword:Laurier
529,keyword:劳瑞尔
529,keyword:维尔弗里德劳瑞尔
529,keyword:劳瑞尔大学
529,keyword:维尔弗里德劳瑞尔大学
530,keyword:York
530,keyword:约克
530,keyword:加拿大约克
530,keyword:约克大学
530,keyword:加拿大约克大学
530,keyword:加拿大的约克
530,keyword:加拿大的约克大学
531,keyword:Lethbridge
531,keyword:莱斯布里奇
531,keyword:莱斯桥
531,keyword:莱斯布里奇大学
531,keyword:莱斯桥大学
532,keyword:KPU
532,keyword:昆特兰理工
532,keyword:昆特兰理工大学
533,keyword:TRU
533,keyword:汤普森河大学
534,keyword:SMU
534,keyword:圣玛丽
534,keyword:圣玛丽大学
535,keyword:Brocku
535,keyword:布鲁克
535,keyword:布鲁克大学
239,regex:Princeton University
183,regex:Harvard University
301,regex:Yale University
153,regex:Columbia University
250,regex:Stanford University
254,regex:University of Chicago
212,regex:Massachusetts Institute of Technology
170,regex:Duke University
295,regex:University of Pennsylvania
136,regex:California Institute of Technology
157,regex:Dartmouth College
194,regex:Johns Hopkins University
229,regex:Northwestern University
302,regex:Washington University in St.Louis
302,regex:Washington University in St Louis
302,regex:Washington University in St. Louis
155,regex:Cornell University
124,regex:Brown University
404,regex:University of Notre Dame
297,regex:Vanderbilt University
240,regex:Rice University
123,regex:University of California-Berkeley
123,regex:"University of California,Berkeley"
123,regex:"University of California, Berkeley"
123,regex:University of California—Berkeley
173,regex:Emory University
182,regex:Georgetown University
255,regex:University of California-Los Angeles
255,regex:University of California -Los Angeles
255,regex:University of California Los Angeles
255,regex:"University of California,Los Angeles"
255,regex:"University of California, Los Angeles"
255,regex:University of California—Los Angeles
298,regex:University of Virginia
145,regex:Carnegie Mellon University
294,regex:University of Southern California
433,regex:Tufts University
475,regex:Wake Forest University
291,regex:University of Michigan-Ann Arbor
291,regex:University of Michigan
293,regex:University of North Carolina-Chapel Hill
293,regex:University of North Carolina at Chapel Hill
293,regex:University of North Carolina--Chapel Hill
494,regex:Boston College
230,regex:New York University
495,regex:College of William and Mary
495,regex:William and Mary
495,regex:William & Mary
242,regex:University of Rochester
322,regex:Brandeis University
322,regex:Brandies University
181,regex:Georgia Institute of Technology
258,regex:University of California-San Diego 
258,regex:University of California—San Diego
258,regex:University of California San Diego
137,regex:Case Western Reserve University
253,regex:University of California-Davis
397,regex:Lehigh University
261,regex:University of California-Santa Barbara
261,regex:University of California—Santa Barbara
261,regex:University of California Santa Barbara
125,regex:Boston University
409,regex:Northeastern University
496,regex:Rensselaer Polytechnic Institute
256,regex:University of California-Irvine
192,regex:University of Illinois-Urbana-Champaign
192,regex:University of Illinois-Urbana Champaign
192,regex:University of Illinois Urbana Champaign
192,regex:University of Illinois—Urbana-Champaign
300,regex:University of Wisconsin
238,regex:Pennsylvania State University
260,regex:University of Florida
399,regex:University of Miami
299,regex:University of Washington
480,regex:Yeshiva University
296,regex:University of Texas-Austin
296,regex:University of Texas—Austin
296,regex:University of Texas Austin
296,regex:University of Texas at Austin
379,regex:George Washington University
235,regex:Ohio State University-Columbus
235,regex:Ohio State University
413,regex:Pepperdine University
434,regex:Tulane University
371,regex:Fordham University
497,regex:Southern Methodist University
427,regex:Syracuse University
443,regex:University of Connecticut
498,regex:Brigham Young University
333,regex:Clemson University
241,regex:Purdue University-West Lafayette
448,regex:University of Georgia
289,regex:University of Maryland-College Park
289,regex:University of Maryland
237,regex:University of Pittsburgh
251,regex:Texas A&M University-College Station
251,regex:Texas A&M University
499,regex:Worcester Polytechnic Institute
422,regex:"Rutgers,the State University of New Jersey-New Brunswick"
422,regex:Rutgers State University
305,regex:American University
317,regex:Baylor University
449,regex:University of Iowa
292,regex:University of Minnesota-Twin Cities
292,regex:University of Minnesota
474,regex:Virginia Tech
332,regex:Clark University
390,regex:Indiana University-Bloomington
390,regex:Indiana University—Bloomington
390,regex:Indiana University—Bloomington
500,regex:Marquette University
401,regex:Miami University-Oxford
501,regex:Stevens Institute of Technology
502,regex:SUNY College of Environmental Science and Forestry
503,regex:Texas Christian University
446,regex:University of Delaware
466,regex:University of Massachusetts-Amherst
466,regex:University of Massachusetts—Amherst
466,regex:University of Massachusetts Amherst
504,regex:Colorado School of Mines
426,regex:State University of New York at Stony Brook
426,regex:Stony Brook University
426,regex:Stony Brook University-SUNY
426,regex:"Stony Brook University,SUNY"
426,regex:Stony Brook University--SUNY
439,regex:University of Alabama
154,regex:University of Colorado-Boulder
154,regex:University of Colorado Boulder
505,regex:University of Denver
506,regex:University of Tulsa
507,regex:Drexel University
377,regex:Florida State University
508,regex:North Carolina State University
509,regex:University of San Diego
510,regex:Saint Louis University
510,regex:St. Louis University
400,regex:University of Missouri
511,regex:University of Nebraska-Lincoln
511,regex:University of Nebraska—Lincoln
511,regex:University of Nebraska - Lincoln
511,regex:University of Nebraska  Lincoln
469,regex:University of New Hampshire
512,regex:Carleton University
513,regex:Concordia University
325,regex:Dalhousie University
127,regex:Mcgill University
130,regex:Mcmaster University
514,regex:Memorial University of Newfoundland
126,regex:Queen's University
515,regex:Ryerson University
326,regex:Simon Fraser University
516,regex:University of Winnipeg
128,regex:University of Alberta
493,regex:University of British Columbia
327,regex:University of Calgary
517,regex:University of Guelph
518,regex:University of Manitoba
519,regex:University of Montreal
520,regex:University of Ontario Institute of Technology
521,regex:University of Northern British Columbia
329,regex:University of Ottawa
522,regex:University of Prince Edward Island
523,regex:University of Quebec at Montreal
524,regex:University of Regina
525,regex:University of Saskatchewan
526,regex:University of Sherbrooke
131,regex:University of Toronto
330,regex:University of Victoria
132,regex:University of Waterloo
527,regex:University of Western Ontario
528,regex:University of Winsor
529,regex:Wilfrid Laurier University
530,regex:York University
531,regex:University of Lethbridge
532,regex:Kwantlen Polytechnic University
533,regex:Thompson Rivers University
534,regex:Saint Mary's University
535,regex:Brock University
536,regex:Plymouth University
537,regex:Ravensbourne College
538,regex:Manchester Metropolitan University
539,regex:Coventry University
540,regex:Kingston University
541,regex:Bangor University
542,regex:Institute of Education
543,regex:Falmouth University
545,regex:"St George’s, University of London"
548,regex:Edinburgh Napier University
549,regex:Royal College of Music
551,regex:Royal Conservatoire of Scotland
552,regex:University for the Creative Arts
553,regex:Harper Adams University
555,regex:Birmingham City University
556,regex:Glasgow School of Art
557,regex:University of the Highlands and Islands
558,regex:Cardiff Metropolitan University
560,regex:University of the Arts London
562,regex:Oxford Brookes University
566,regex:University of Portsmouth
568,regex:University of Ulster
569,regex:University of Hull
572,regex:Liverpool Hope University
573,regex:Abertay University
574,regex:"St Mary's University, Twickenham"
575,regex:University of Worcester
576,regex:Arts University Bournemouth
577,regex:University of Sunderland
578,regex:University of Salford
579,regex:Glasgow Caledonian University
580,regex:Staffordshire University
581,regex:UCL Bartlett School of Architecture
585,regex:City University London
587,regex:University of Stirling
588,regex:Brighton & Sussex Medical School
589,regex:Bournemouth University
590,regex:University of South Wales
591,regex:Anglia Ruskin University
592,regex:University of West London
594,regex:Courtauld Institute of Art
595,regex:Trinity St Davids
596,regex:Hull York Medical School
598,regex:University of Wolverhampton
600,regex:University of Bedfordshire
603,regex:BPP University
604,regex:Royal College of Art
605,regex:Southampton Solent University
606,regex:York St John University
607,regex:Birkbeck College
608,regex:Nottingham Trent University
609,regex:University of Chester
610,regex:University of Dundee
611,regex:Cambridge School of Visual & performing Arts
612,regex:Chelsea College of Art and Design
613,regex:Royal Veterinary College
614,regex:London South Bank University
615,regex:Northumbria University
616,regex:University of Westminster
617,regex:"Newman University, Birmingham"
619,regex:University of Buckingham
620,regex:Liverpool John Moores University
621,regex:University of the West of England
622,regex:University of the West of Scotland
623,regex:University of Winchester
625,regex:University of Aberdeen
627,regex:Canterbury Christ Church University
628,regex:University of Central Lancashire
630,regex:Roehampton University
631,regex:University of Cumbria
632,regex:Leeds Trinity University
633,regex:Royal Welsh College of Music & Drama
634,regex:University of Gloucestershire
636,regex:"Goldsmiths, University of London"
637,regex:Royal Academy of Music
638,regex:Sheffield Hallam University
639,regex:University of Northampton
640,regex:Heriot-Watt University
642,regex:University of Bradford
643,regex:University of Derby
645,regex:University of Bolton
646,regex:Bishop Grosseteste University
647,regex:De Montfort University
648,regex:Edinburgh College of Art
649,regex:Robert Gordon University
651,regex:Brunel University
652,regex:University of Glamorgan
653,regex:University of Greenwich
654,regex:University of Brighton
655,regex:University of Lincoln
657,regex:London Film School
658,regex:Cranfield University
659,regex:Queen Margaret University Edinburgh
660,regex:Winchester School of Art
662,regex:London Contemporary Dance School
663,regex:London Metropolitan University
665,regex:Central Saint Martins College of Art and Design
666,regex:Middlesex University
668,regex:Edge Hill University
669,regex:Swansea University
670,regex:"University Of Wales, Newport"
672,regex:Architectural Association School of Architecture
673,regex:Royal Northern College of Music
674,regex:Buckinghamshire New University
675,regex:Heythrop College
676,regex:University of Chichester
677,regex:Royal Central School of Speech and Drama
678,regex:Le Cordon Bleu London
679,regex:University of East London
681,regex:Aberystwyth University
682,regex:Glyndwr University
683,regex:University of Teesside
684,regex:University of St Mark & St John
685,regex:University of Huddersfield
688,regex:Peterborough Regional College
689,regex:University College Birmingham
690,regex:University of Hertfordshire
692,regex:Manchester School of Architecture
693,regex:Bath Spa University
694,regex:Leeds Beckett University
571,regex:"Queen Mary, University of London"
564,regex:Loughborough University
635,regex:University of Liverpool
629,regex:University of Bristol
599,regex:University of Edinburgh
559,regex:University of Sheffield
602,regex:Imperial College London
667,regex:University of Reading
561,regex:The University of Manchester
582,regex:University of Birmingham
546,regex:University of Kent
680,regex:School of Oriental and African Studies
583,regex:University of Southampton
661,regex:University of Exeter
695,regex:"Royal Holloway, University of London"
696,regex:University of York
687,regex:University of Leicester
686,regex:University of Warwick
650,regex:University College London
593,regex:University of Surrey
656,regex:Newcastle University
626,regex:Durham University
624,regex:University of Bath
644,regex:Aston University
671,regex:Lancaster University
691,regex:Cardiff University
584,regex:University of Cambridge
735,regex:University of Rhode Island
550,regex:University of East Anglia
597,regex:University of Nottingham
544,regex:University of Essex
565,regex:University of Strathclyde
554,regex:University of Glasgow
586,regex:Keele University
618,regex:Queen’s University Belfast
563,regex:University of Sussex
641,regex:University of Leeds
733,regex:Rhodes Island of Design
547,regex:Oxford University
536,keyword:普利茅斯大学
536,keyword:普利茅斯
536,keyword:Plymouth
536,keyword:英国普利茅斯
537,keyword:瑞文斯博学院
537,keyword:英国瑞文斯博
537,keyword:瑞文斯博设计与传播学院
537,keyword:瑞文斯博艺术与传播学院
537,keyword:Ravensbourne
538,keyword:曼彻斯特城市大学
538,keyword:曼彻斯特城市
538,keyword:曼切斯特大学
538,keyword:UM
538,keyword:英国曼彻斯特
538,keyword:曼大
538,keyword:Manchester
539,keyword:考文垂大学
539,keyword:考文垂
539,keyword:Coventry
539,keyword:英格兰考文垂
539,keyword:英国考文垂
539,keyword:考文锤
540,keyword:金斯顿大学
540,keyword:英国金斯顿
540,keyword:英格兰金斯顿
540,keyword:Kingston
540,keyword:金斯顿ISC
540,keyword:伦敦金斯顿
541,keyword:班戈大学
541,keyword:班戈
541,keyword:英国班戈
541,keyword:Bangor
541,keyword:英国威尔士
541,regex:Y Coleg ar y Bryn 山上的学院
542,keyword:伦敦大学教育学院
542,keyword:IOE
542,keyword:伦敦教育学院
542,keyword:伦敦大学教育研究院
542,keyword:伦敦大学学院教育学院
543,keyword:法尔茅斯大学学院
543,keyword:法尔茅斯
543,keyword:英国法尔茅斯
543,keyword:Falmouth
543,keyword:茅大
543,keyword:英国法尔茅斯大学
545,keyword:圣乔治医学院
545,keyword:SGUL
545,regex:St George
545,keyword:英国圣乔治医学院
545,keyword:英国圣乔治
548,keyword:爱丁堡龙比亚大学
548,keyword:龙比亚大学
548,keyword:龙比亚
548,regex:Edinburgh Napie
549,keyword:英国皇家音乐学院
549,keyword:伦敦皇家音乐学院
549,keyword:伦敦大学皇家音乐学院
551,keyword:苏格兰皇家音乐学院
551,keyword:皇家苏格兰音乐戏剧学院
551,keyword:RSAMD
551,keyword:苏格兰音乐学院
552,keyword:创意艺术大学
552,keyword:创意艺术
552,regex:Creative Arts
552,keyword:英国创意艺术
553,keyword:哈珀亚当斯大学学院
553,keyword:哈珀亚当斯大学
553,keyword:Harper Adams
553,keyword:英国哈珀亚当斯
555,keyword:伯明翰城市大学
555,keyword:伯明翰城市
555,keyword:BCU
555,regex:Birmingham City
555,keyword:英格兰伯明翰城市
556,keyword:格拉斯哥艺术学院
556,keyword:格拉斯哥艺术
556,regex:Glasgow School of Art
556,keyword:GSA
557,keyword:高地和群岛大学
557,keyword:高地和群岛
557,keyword:高地与岛屿
557,keyword:UHI
558,keyword:卡迪夫都市大学
558,keyword:卡迪夫都市
558,keyword:卡迪夫城市大学
558,regex:Cardiff Metropolitan
558,keyword:卡地夫威尔士大学
558,keyword:UWIC
558,keyword:优维克大学
558,keyword:卡迪夫城市
560,keyword:伦敦艺术大学
560,keyword:伦敦艺术
560,keyword:UAL
560,regex:London Institut
560,keyword:伦敦学院
562,keyword:牛津布鲁克斯大学
562,keyword:牛津布鲁克斯
562,keyword:布鲁克斯
566,keyword:朴茨茅斯大学
566,keyword:朴茨茅斯
566,keyword:UoP
566,keyword:朴次茅斯
566,keyword:英国朴茨茅斯
568,keyword:阿尔斯特大学
568,keyword:阿尔斯特
568,keyword:UU
568,keyword:英国阿尔斯特
569,keyword:赫尔大学
569,keyword:赫尔
569,keyword:英国赫尔
572,keyword:利物浦霍普大学
572,keyword:利物浦霍普
572,keyword:英国利物浦霍普
573,keyword:阿伯泰大学
573,keyword:阿伯泰
573,keyword:阿伯泰邓迪大学
573,keyword:阿伯泰邓迪
574,keyword:圣玛丽大学学院
574,keyword:加拿大圣玛丽大学
574,keyword:加拿大圣玛丽
575,keyword:伍斯特大学
575,keyword:伍斯特
575,keyword:英国伍斯特
575,keyword:Worcester
576,keyword:伯恩茅斯艺术学院
576,keyword:英国伯恩茅斯
576,keyword:Bournemouth
577,keyword:桑德兰大学
577,keyword:桑德兰
577,keyword:Sunderland
578,keyword:索尔福德大学
578,keyword:索尔福德
578,keyword:Salford
579,keyword:格拉斯哥喀里多尼亚大学
579,keyword:格拉斯哥喀里多尼亚
580,keyword:史塔福郡大学
580,keyword:史塔福郡
580,keyword:史坦福郡大学
580,keyword:staffordshire
581,keyword:巴特莱特建筑学院
581,keyword:巴特利特建筑学院
581,keyword:英国巴特莱特学院
585,keyword:伦敦城市大学
585,keyword:伦敦城市
587,keyword:斯特林大学
587,keyword:斯特林
587,keyword:Stirling
588,keyword:布莱顿及苏塞克斯医学院
589,keyword:波恩茅斯大学
589,keyword:波恩茅斯
589,keyword:伯恩茅斯大学
589,keyword:英国伯恩茅斯
589,keyword:Bournemouth
590,keyword:南威尔士大学
590,keyword:南威尔士
590,keyword:South Wales
591,keyword:安格利亚鲁斯金大学
591,keyword:安格利亚鲁斯金
591,keyword:Anglia Ruskin
591,keyword:ARU
592,keyword:西伦敦大学
592,keyword:西伦敦
592,keyword:英国西伦敦
592,regex:West London
592,keyword:泰晤士河谷大学
594,keyword:考陶德艺术学院
594,keyword:考陶尔德艺术学院
594,regex:Courtauld Institute of Art
594,keyword:考陶德艺术
594,keyword:考陶尔德艺术
595,keyword:圣大卫三一学院
595,keyword:威尔士大学三一圣大卫学院
595,keyword:威尔士三一圣大卫
596,keyword:赫尔约克医学院
596,keyword:赫尔约克
596,keyword:赫尔约克学院
598,keyword:伍尔弗汉普顿大学
598,keyword:伍尔弗汉普顿
598,keyword:英国伍尔弗汉普顿
600,keyword:贝德福特大学
600,keyword:贝德福特
600,keyword:英国贝德福特大学
600,keyword:Bedfordhire
603,keyword:英博夏尔大学
603,keyword:英博夏尔
603,keyword:BPP大学
603,keyword:BPP University
604,keyword:皇家艺术学院
604,keyword:RCA
605,keyword:南安普顿索伦特大学
605,keyword:南安普顿索伦特
605,keyword:英国南安普顿索伦特
606,keyword:约克圣约翰大学
606,keyword:约克圣约翰
606,keyword:英国约克圣约翰
607,keyword:伯贝克学院
607,keyword:伦敦大学伯贝克学院
607,keyword:Birkbeck
608,keyword:诺丁汉特伦特大学
608,keyword:诺丁汉特伦特
608,keyword:特伦特大学
609,keyword:切斯特大学
609,keyword:切斯特
609,keyword:英国切斯特大学
610,keyword:邓迪大学
610,keyword:邓迪
610,keyword:Dundee
610,keyword:苏格兰邓迪大学
611,keyword:剑桥视觉及表演艺术学校
612,keyword:切尔西艺术与设计学院
612,keyword:伦敦学院
612,keyword:伦敦艺术大学
613,keyword:英国皇家兽医学院
614,keyword:伦敦南岸大学
614,keyword:伦敦南岸
614,keyword:南岸大学
614,regex:London South Bank
615,keyword:诺森比亚大学
615,keyword:诺森比亚
615,keyword:Northumbria
616,keyword:威斯敏斯特大学
616,keyword:威斯敏斯特
616,keyword:威敏大学
616,keyword:皇家理工学院
617,keyword:纽曼大学
617,keyword:纽曼
617,keyword:Newman
617,keyword:英国纽曼
617,keyword:纽大
619,keyword:白金汉大学
619,keyword:白金汉
619,keyword:英国白金汉大学
619,keyword:Buckingham
620,keyword:利物浦约翰摩尔大学
620,keyword:利物浦约翰摩尔
620,keyword:JMU
621,keyword:西英格兰大学
621,keyword:西英格兰
621,keyword:UWE
622,keyword:西苏格兰大学
622,keyword:西苏格兰
622,regex:West Scotland
623,keyword:温切斯特大学
623,keyword:温切斯特
623,keyword:曼大
623,keyword:UM
623,keyword:曼彻斯特大学
625,keyword:阿伯丁大学
625,keyword:阿伯丁
625,keyword:英国阿伯丁
625,keyword:Aberdeen
627,keyword:坎特伯里基督大学
627,keyword:坎特伯里基督
627,keyword:英国坎特伯里基督
628,keyword:中央兰开夏大学
628,keyword:中央兰开夏
628,keyword:UCLan
630,keyword:罗汉普顿大学
630,keyword:罗汉普顿
630,keyword:英国罗汉普顿
631,keyword:哥比亚大学
631,keyword:哥比亚
631,keyword:Cumbria
631,keyword:英国哥比亚
632,keyword:利兹三一大学学院
632,regex:Leeds Trinity
632,keyword:利兹三一大
633,keyword:皇家威尔士音乐戏剧学院
633,keyword:英国皇家威尔士音乐戏剧
633,keyword:RWCMD
634,keyword:格鲁斯特大学
634,keyword:格鲁斯特
634,keyword:英国格鲁斯特大学
636,keyword:金史密斯学院
636,keyword:伦敦大学金史密斯学院
636,keyword:伦敦大学金匠学院
636,keyword:金匠学院
637,keyword:皇家音乐学院
637,keyword:英国皇家音乐学院
638,keyword:谢菲尔德哈勒姆大学
638,keyword:谢菲尔德哈勒姆
638,keyword:谢菲尔德设计学院
639,keyword:北安普顿大学
639,keyword:北安普顿
639,keyword:英格兰北安普顿
640,keyword:赫瑞瓦特大学
640,keyword:赫瑞瓦特
640,keyword:瓦特大学
640,keyword:英国瓦特
642,keyword:布拉德福德大学
642,keyword:布拉德福德
642,keyword:英格兰布拉德福德
643,keyword:德比大学
643,keyword:德比
643,keyword:Derby
645,keyword:波尔顿大学
645,keyword:波尔顿
645,keyword:博尔顿大学
645,keyword:Bolton
646,keyword:格罗斯泰斯特主教大学
646,keyword:格罗斯泰斯特主教
647,keyword:德蒙福特大学
647,keyword:德蒙福特
647,keyword:DMU
647,keyword:德大
647,regex:De Montfort
648,keyword:爱丁堡艺术学院
648,keyword:爱丁堡艺术
649,keyword:罗伯特戈登大学
649,keyword:罗伯特戈登
649,keyword:RGU
649,keyword:阿伯丁伯特戈登大学
649,keyword:罗伯特哥顿大学
651,keyword:布鲁内尔大学
651,keyword:布鲁内尔
651,keyword:英国布鲁内尔
652,keyword:格拉摩根大学
652,keyword:格拉摩根
653,keyword:格林威治大学
653,keyword:格林威治
654,keyword:布莱顿大学
654,keyword:布莱顿
654,keyword:英国布莱顿大学
655,keyword:林肯大学
655,keyword:林肯
657,keyword:伦敦电影学院
658,keyword:克兰菲尔德大学
658,keyword:克兰菲尔德
659,keyword:爱丁堡玛格丽特皇后学院
659,keyword:爱丁堡玛格丽特皇后
659,regex:Queen Margaret Edinburgh
660,keyword:温彻斯特艺术学院
662,keyword:伦敦现代舞蹈学院
662,keyword:伦敦当代舞蹈学院
663,keyword:伦敦都市大学
663,keyword:伦敦都市
665,keyword:中央圣马丁艺术与设计学院
665,keyword:伦敦中央圣马丁艺术与设计学院
665,keyword:中央圣马丁 CSM
666,keyword:密德萨斯大学
666,keyword:密德萨斯
666,regex:Middlesex University
666,keyword:英国密德萨斯
668,keyword:边山大学
668,keyword:边山
668,keyword:英国边山
668,keyword:英格兰边山
669,keyword:斯旺西大学
669,keyword:斯旺西
669,keyword:Swansea
670,keyword:威尔士新港大学
670,keyword:威尔士新港
670,keyword:威尔士大学新港学院
670,keyword:纽波特威尔斯大学
670,keyword:纽波特大学
670,regex:Wales Newport
672,keyword:建筑联盟学院
672,keyword:AA建筑学院
672,keyword:AA
673,keyword:英国皇家北方音乐学院
673,keyword:皇家北方音乐学院
674,keyword:新白金汉大学
674,keyword:新白金汉
674,keyword:Bucks New
675,keyword:海斯洛普学院
675,keyword:伦敦大学海斯洛普学院
675,regex:Heythrop College
676,keyword:奇切斯特大学
676,keyword:奇切斯特
677,keyword:中央演讲与戏剧学院
677,keyword:皇家中央演讲和戏剧学院
678,keyword:蓝带学院
678,keyword:法国蓝带厨艺学院
679,keyword:东伦敦大学
679,keyword:东伦敦
679,keyword:英国东伦敦大学
679,keyword:UEL
681,keyword:亚伯大学
681,keyword:亚伯
681,keyword:威尔士大学阿伯里斯特威斯
681,keyword:亚伯
681,keyword:Aber
682,keyword:格林多大学
682,keyword:格林多
682,keyword:威尔士格林多大学
682,keyword:Glyndwr
683,keyword:提兹塞德大学
683,keyword:提兹塞德
683,keyword:提兹赛德大学
683,keyword:UTeess
683,keyword:英国提兹赛德大学
684,keyword:圣马克与圣约翰大学学院
684,keyword:英国圣马克与圣约翰大学学院
685,keyword:哈德斯菲尔德大学
685,keyword:哈德斯菲尔德
685,keyword:英国国立哈德斯菲尔德大学
688,keyword:彼得伯勒地区学院
688,keyword:彼德伯勒技术学院
689,keyword:伯明翰大学学院
689,keyword:伯明翰学院
690,keyword:赫特福德郡大学
690,keyword:赫特福德郡
690,keyword:英国赫特福德郡大学
692,keyword:曼彻斯特建筑学院
692,keyword:MSA
693,keyword:巴斯泉大学
693,keyword:巴斯泉
693,keyword:巴斯斯巴大学
693,keyword:英国巴斯
694,keyword:利兹贝克特大学
694,keyword:利兹贝克特
584,keyword:Cam
584,keyword:Cambridge
584,keyword:剑桥
584,keyword:剑桥大学
547,keyword:Ox
547,keyword:Oxford
547,keyword:牛津
547,keyword:牛津大学
547,keyword:奥克斯福德
547,keyword:奥克斯福德大学
570,regex:St Andrews
570,keyword:圣安
570,keyword:圣安德鲁斯
570,keyword:圣安德鲁斯大学
602,keyword:IC
602,keyword:Imperial
602,keyword:帝国理工
602,keyword:帝国理工大学
602,keyword:帝国理工学院
626,keyword:Durham
626,keyword:杜伦
626,keyword:达勒姆
626,keyword:杜伦大学
626,keyword:达勒姆大学
661,keyword:Exeter
661,keyword:艾克赛特
661,keyword:埃克赛特
661,keyword:艾克赛特大学
661,keyword:埃克赛特大学
686,keyword:Warwick
686,keyword:华威
686,keyword:华威大学
650,keyword:UCL
650,keyword:伦敦大学学院
624,keyword:Bath
624,keyword:巴斯
624,keyword:巴斯大学
593,keyword:Surrey
593,keyword:萨里
593,keyword:素里
593,keyword:萨里大学
593,keyword:素里大学
671,keyword:Lancaster
671,keyword:兰卡
671,keyword:兰卡斯特大学
564,keyword:拉夫堡
564,keyword:拉夫堡大学
550,keyword:UEA
550,keyword:东英吉利
550,keyword:东英吉利大学
582,keyword:Birmingham
582,keyword:伯明翰
582,keyword:伯明翰大学
696,keyword:英国约克
696,keyword:英国的约克
696,keyword:英国约克大学
696,keyword:英国的约克大学
641,keyword:Leeds
641,keyword:利兹
641,keyword:利兹大学
583,keyword:Southampton
583,keyword:南安普顿
583,keyword:南安普敦
583,keyword:南安普顿大学
583,keyword:南安普敦大学
629,keyword:Bristol
629,keyword:布里斯托
629,keyword:布里斯托尔
629,keyword:布里斯托大学
629,keyword:布里斯托尔大学
687,keyword:莱斯特
687,keyword:莱斯特大学
559,keyword:Sheffield
559,keyword:谢菲尔德
559,keyword:谢菲尔德大学
599,keyword:Ued
599,keyword:爱丁堡
599,keyword:爱丁堡大学
656,keyword:纽卡斯尔
656,keyword:纽卡斯尔大学
597,keyword:Nottingham
597,keyword:诺丁汉
597,keyword:诺丁汉大学
563,keyword:Sussex
563,keyword:苏塞克斯
563,keyword:苏塞克斯大学
563,keyword:萨塞克斯
563,keyword:萨塞克斯大学
554,keyword:Glasgow
554,keyword:格拉斯哥
554,keyword:格拉斯哥大学
691,keyword:Cardiff
691,keyword:卡迪夫
691,keyword:卡蒂夫大学
691,keyword:卡蒂夫
691,keyword:卡迪夫大学
561,keyword:Manchester
561,keyword:曼彻斯特
561,keyword:曼切斯特
561,keyword:曼彻斯特大学
561,keyword:曼切斯特大学
561,keyword:曼大
561,keyword:UoM
601,keyword:KCL
601,keyword:国王
601,keyword:伦敦国王
601,keyword:伦敦大学国王学院
601,keyword:国王学院
601,regex:King's College London
601,regex:Kings College London
546,keyword:Kent
546,keyword:肯特
546,keyword:肯特大学
680,keyword:SOAS
680,keyword:亚非学院
680,keyword:伦敦大学亚非学院
544,keyword:Essex
544,keyword:埃塞克斯
544,keyword:埃塞克斯大学
667,keyword:Reading
667,keyword:瑞丁
667,keyword:雷丁
667,keyword:瑞丁大学
667,keyword:雷丁大学
644,keyword:Aston
644,keyword:阿斯顿
644,keyword:阿斯顿大学
695,keyword:ULQM
695,keyword:皇家霍洛威
695,keyword:伦敦大学皇家霍洛威
695,keyword:伦敦大学皇家霍洛威学院
635,keyword:利物浦
635,keyword:利物浦大学
571,keyword:ULQM
571,keyword:玛丽女王
571,keyword:伦敦大学玛丽女王
571,keyword:伦敦大学玛丽女王学院
618,keyword:QUB
618,keyword:贝尔法斯特女王
618,keyword:贝尔法斯特女王学院
565,keyword:Strathclyde
565,keyword:斯特拉思克莱德
565,keyword:斯特拉思克莱德大学
586,keyword:Keele
586,keyword:基尔
586,keyword:基尔大学
697,keyword:msu
697,keyword:密歇根州立
697,keyword:密歇根州立大学
697,regex:Michigan State University
698,keyword:韩国科学技术院
698,keyword:KAIST
699,keyword:加州艺术
699,keyword:加州艺术学院
699,keyword:Calarts
701,keyword:俄勒冈州立
701,keyword:俄勒冈州立大学
701,keyword:美国俄勒冈州立大学
702,keyword:瑞典农业科学
702,keyword:瑞典农业科学大学
702,keyword:SLU
703,keyword:巴黎HEC管理
703,keyword:巴黎HEC管理学院
703,keyword:HEC Paris
703,keyword:巴黎高等商学院
703,keyword:HEC商学院
704,keyword:美国普拉特
704,keyword:美国普拉特学院
704,keyword:普拉特学院
705,keyword:芝加哥艺术
705,keyword:芝加哥艺术学院
706,keyword:伦敦商
706,keyword:伦敦商学院
706,keyword:LBS
707,keyword:埃因霍恩设计
707,keyword:埃因霍恩设计学院
707,keyword:荷兰埃因霍恩设计
707,keyword:埃因霍温设计学院
708,keyword:米兰理工
708,keyword:米兰理工大学
708,keyword:米理
708,keyword:POLIMI
709,keyword:巴黎政治
709,keyword:巴黎政治学院
709,keyword:Sciences Po
709,keyword:法国社会精英的摇篮
710,keyword:科罗拉多州立
710,keyword:科罗拉多州立大学
710,keyword:CSU
711,keyword:瑞典皇家理工
711,keyword:瑞典皇家理工学院
711,keyword:皇家工学院
712,keyword:哥本哈根商
712,keyword:哥本哈根商学院
713,keyword:卡罗林斯卡
713,keyword:卡罗林斯卡学院
713,keyword:卡罗琳学院
713,keyword:卡罗琳医学院
713,keyword:卡罗林斯卡医学院
713,keyword:KI
714,keyword:墨尔本皇家理工
714,keyword:墨尔本皇家理工大学
714,keyword:RMIT University
715,keyword:博科尼
715,keyword:博科尼大学
716,keyword:鲁文大学
716,keyword:鲁汶大学
716,keyword:荷语天主教鲁汶大学
716,keyword:荷语天主教鲁文大学
716,keyword:荷语鲁汶大学
716,keyword:荷语鲁文大学
716,keyword:KCL
717,keyword:南洋理工
717,keyword:南洋理工大学
717,keyword:NTU
718,keyword:巴西金边
718,keyword:巴西金边大学
192,keyword:伊利诺伊大学香槟分校
192,keyword:UIUC
721,keyword:加州大学旧金山分校
721,keyword:加州大学旧金山
721,keyword:加州旧金山分校
721,keyword:加利福尼亚大学旧金山分校
721,keyword:UCSF
722,keyword:慕尼黑理工
722,keyword:慕尼黑理工大学
722,keyword:慕尼黑工业大学
722,keyword:TUM
723,keyword:美国帕森设计
723,keyword:美国帕森设计学院
723,keyword:帕森设计学院
724,keyword:艺术中心设计
724,keyword:艺术中心设计学院
724,keyword:ACCD
725,keyword:慕尼黑
725,keyword:慕尼黑大学
725,keyword:德国慕尼黑
725,keyword:LMU
725,keyword:路德维希-马克西米利安-慕尼黑大学
726,keyword:柏林洪堡
726,keyword:柏林洪堡大学
726,keyword:洪堡大学
726,regex:HU Berlin
727,keyword:苏黎世联邦理工大学
727,keyword:苏黎世联邦理工
727,keyword:瑞士苏黎世联邦理工大学
727,keyword:瑞士苏黎世联邦理工
727,keyword:苏黎世联邦理工学院
727,keyword:瑞士苏黎世联邦理工学院
727,keyword:ETHZ
727,regex:ETH Zürich
727,regex:ETH Zurich
728,keyword:德国柏林自由
728,keyword:德国柏林自由大学
728,keyword:柏林自由大学
729,keyword:英士国际商
729,keyword:英士国际商学院
729,keyword:INSEAD
730,keyword:德里
730,keyword:德里大学
730,keyword:DU
731,keyword:巴黎高科农业大学校
731,keyword:巴黎高科
732,keyword:洛桑联邦理工学院
732,keyword:洛桑联邦理工
732,keyword:瑞士洛桑联邦理工学院
732,keyword:瑞士洛桑联邦理工
732,keyword:EPEL
733,keyword:罗德岛设计学院
733,keyword:罗得岛设计学院
733,keyword:罗德岛设计
733,keyword:罗得岛设计
733,keyword:RISD
734,regex:Arizona State University
734,keyword:ASU
734,regex:亚利桑那州立
735,keyword:罗德岛
735,keyword:罗得岛
735,keyword:罗德岛大学
735,keyword:罗得岛大学
736,keyword:巴黎第四
736,keyword:巴黎第四大学
736,keyword:索邦 - 巴黎第四大学
737,keyword:巴黎第一
737,keyword:巴黎第一大学
738,keyword:澳大利亚国立大学
738,keyword:澳大利亚国立
738,keyword:ANU
739,keyword:新南威尔士大学
739,keyword:新南威尔士
739,keyword:UNSW
740,keyword:代尔夫特理工大学
740,keyword:代尔夫特理工
740,keyword:台夫特理工大学
740,keyword:台夫特理工
741,keyword:香港理工大学
741,keyword:香港理工
741,keyword:理大
741,keyword:PolyU
742,keyword:奥塔哥大学
742,keyword:奥塔哥
743,keyword:哥德堡大学
743,keyword:哥德堡
744,keyword:香港城市大学
744,keyword:香港城市
744,keyword:城大
744,keyword:CityU
745,keyword:开普敦大学
745,keyword:开普敦
745,keyword:开大
745,keyword:UCT
746,keyword:乌得勒支大学
746,keyword:乌得勒支
746,keyword:荷兰乌德勒支大学
746,keyword:UU
748,keyword:东京大学
748,keyword:东京
748,keyword:东大
749,keyword:香港科技大学
749,keyword:香港科技
749,keyword:港科大
749,keyword:HKUST
750,keyword:阿尔托大学
750,keyword:阿尔托
751,keyword:同济大学
751,keyword:同济
751,keyword:TJU
752,keyword:大阪大学
752,keyword:大阪
752,keyword:阪大
753,keyword:悉尼大学
753,keyword:悉尼
753,keyword:USYD
754,keyword:首尔大学
754,keyword:首尔
754,keyword:首尔国立大学
754,keyword:SNU
755,keyword:香港大学
755,keyword:港大
755,keyword:HKU
756,keyword:巴黎综合理工大学
756,keyword:巴黎综合理工
756,keyword:巴黎综合理工学院
756,keyword:X
757,keyword:伯尔尼大学
757,keyword:伯尔尼
758,keyword:瓦赫宁根大学
758,keyword:瓦赫宁根
758,keyword:瓦赫宁根大学及研究中心
759,keyword:国立台湾大学
759,keyword:国立台湾
759,keyword:台湾大学
759,keyword:台大
760,keyword:鹿特丹伊拉斯谟大学
760,keyword:鹿特丹伊拉斯谟
760,keyword:鹿特丹大学
760,keyword:伊拉斯姆斯大学
760,keyword:伊拉斯姆斯
760,keyword:EUR
761,keyword:爱荷华州立大学
761,keyword:爱荷华州立科学与技术大学
761,keyword:爱荷华州立
762,keyword:莱顿大学
762,keyword:莱顿
763,keyword:京都大学
763,keyword:京都
763,keyword:京大
764,keyword:梅西大学
764,keyword:梅西
765,keyword:昆士兰大学
765,keyword:昆士兰
765,keyword:昆大
765,keyword:UQ
766,keyword:苏黎世大学
766,keyword:UZH
767,keyword:英国东英吉利亚大学
767,keyword:英国东英吉利亚
767,keyword:东英吉利亚大学
767,keyword:UEA
768,keyword:成均馆大学
768,keyword:成均馆
768,keyword:SKKU
769,keyword:莫纳什大学
769,keyword:莫纳什
769,keyword:蒙纳士大学
770,keyword:清华大学
770,keyword:清华
770,keyword:THU
770,keyword:Tsinghua
771,keyword:隆德大学
771,keyword:隆德
771,keyword:隆得大学
771,keyword:隆得
771,keyword:LU
772,keyword:墨尔本大学
772,keyword:墨尔本
772,keyword:墨大
773,keyword:金山大学
773,keyword:金山
774,keyword:阿姆斯特丹大学
774,keyword:阿姆斯特丹
774,keyword:UvA
775,keyword:香港中文大学
775,keyword:香港中文
775,keyword:CUHK
775,keyword:中大
775,keyword:香港中大
776,keyword:圣保罗大学
776,keyword:圣保罗
776,keyword:巴西圣保罗大学
776,keyword:USP
776,keyword:圣大
777,keyword:丹麦技术大学
777,keyword:丹麦技术
777,keyword:DTU
778,keyword:北京大学
778,keyword:北大
779,keyword:哥本哈根
779,keyword:哥本哈根大学
779,keyword:UCPH
779,keyword:KU
779,keyword:哥大
780,keyword:新加坡国立大学
780,keyword:新加坡国立
780,keyword:国大
780,keyword:NUS
781,keyword:东京医科齿科大学
781,keyword:东京医科齿科
781,keyword:东京医齿大
782,keyword:亚琛工业大学
782,keyword:亚琛工业
782,keyword:RWTH
783,keyword:伦敦政经
783,keyword:伦敦政治与经济学院
783,keyword:伦敦政治经济学院
783,keyword:伦敦政治经济
783,keyword:伦敦政经学院
783,keyword:LSE
784,keyword:北京交通大学
784,keyword:交大
784,keyword:北交大
784,keyword:北京交大
784,keyword:北交
784,keyword:BJTU
784,keyword:bjtu
785,keyword:中南
785,keyword:中南大学
785,keyword:中南大
785,keyword:CSU
698,regex:KAIST - Korea Advanced Institute of Science & Technology
699,regex:California Institute of the Arts
701,regex:Oregon State University
702,regex:Swedish University of Agricultural Sciences 
703,regex:HEC Paris School of Management
704,regex:Pratt Institute
705,regex:School of the Art Institute of Chicago (SAIC)
706,regex:London Business School
707,regex:Design Academy Eindhoven
708,regex:Politecnico di Milano
709,regex:Sciences Po Paris
710,regex:Colorado State University
711,regex:Royal Institute of Technology
712,regex:Copenhagen Business School
713,regex:Karolinska Institutet
714,regex:RMIT University
715,regex:Università Commerciale Luigi Bocconi
716,regex:Katholieke Universiteit Leuven
717,regex:Nanyang Technological University
718,regex:Universidade estadual de Campinas(Unicamp)
241,regex:Purdue University
192,regex:University of Illinois at Urbana-Champaign
721,regex:"University of California, San Francisco"
722,regex:Technical University Munich
722,regex:Technical University of Munich
723,regex:Parsons / The New School 
724,regex:Art Center College of Design
725,regex:Universität München
725,regex:Ludwig-Maximilians-Universität München
726,regex:Humboldt-Universität zu Berlin
726,regex:Humboldt University of Berlin
727,regex:ETH Zurich - Swiss Federal Institute of Technology
727,regex:Swiss Federal Institute of Technology Zurich
727,regex:Eidgenössische Technische Hochschule Zürich
728,regex:Freie Universitaet Berlin
728,regex:Free University of Berlin
729,regex:INSEAD
730,regex:University of Delhi
731,regex:Paris Institute of Technology
732,regex:Ecole Polytechnique Fédérale de Lausanne
732,regex:École Polytechnique Fédérale de Lausanne
736,regex:Université Paris-Sorbonne (Paris IV)
737,regex:Université de Paris 1 Panthéon-Sorbonne
738,regex:The Australian National University
739,regex:University of New South Wales
740,regex:Delft University of Technology
741,regex:Hong Kong Polytechnic University
742,regex:University of Otago
743,regex:University of Gothenburg
744,regex:City University of Hong Kong
745,regex:University of Cape Town
746,regex:Utrecht University
747,regex:"SOAS, University of London "
748,regex:University of Tokyo
749,regex:The Hong Kong University of Science and Technology
750,regex:Aalto University
751,regex:Tongji University
752,regex:Osaka University
753,regex:University of Sydney
754,regex:Seoul National University
755,regex:University of Hong Kong
756,regex:Ecole Polytechnique
757,regex:University of Bern
758,regex:Wageningen University
759,regex:National Taiwan University (NTU)
760,regex:Erasmus University Rotterdam
761,regex:Iowa State University
762,regex:Leiden University
763,regex:Kyoto University
764,regex:Massey University
765,regex:University of Queensland
766,regex:University of Zurich
767,regex:University of East Anglia (UEA)
768,regex:Sungkyunkwan University (SKKU)
769,regex:Monash University
770,regex:Tsinghua University
771,regex:Lund University
772,regex:University of Melbourne
773,regex:University of the Witwatersrand
774,regex:University of Amsterdam
775,regex:Chinese University of Hong Kong
776,regex:Saint Paul University
776,regex:Universidade de São Paulo
777,regex:Technical University of Denmark
778,regex:Peking University
779,regex:University of Copenhagen
780,regex:National University of Singapore 
781,regex:Tokyo Medical and Dental University 
782,regex:RWTH Aachen University
783,regex:London School of Economics and Political Science
784,regex:Beijing Jiaotong University
785,regex:Central South University
786,regex:Ecole Normale Superieure 
786,regex:École Normale Supérieure
786,keyword:巴黎高等师范学校
786,keyword:巴黎高等师范
786,keyword:巴黎高等师范学院
787,regex:University of Helsinki
787,keyword:赫尔辛基大学
787,keyword:赫尔辛基
788,regex:Tokyo Institute of Technology
788,keyword:东京工业大学
788,keyword:东工大
789,regex:Fudan University
789,keyword:复旦大学
789,keyword:复旦
790,regex:Tohoku University
790,keyword:东北大学
790,keyword:东大
790,keyword:东工
791,regex:Trinity College Dublin
791,keyword:都柏林大学圣三一学院
791,keyword:都柏林大学圣三一
791,keyword:圣三一学院
792,regex:Uppsala University
792,keyword:乌普萨拉大学
792,keyword:乌大
793,regex:Université de Montréal
793,keyword:蒙特利尔大学
794,regex:University of Geneva
794,keyword:日内瓦大学
795,regex:Pohang University of Science And Technology (POSTECH)
795,keyword:浦项工科大学
796,regex:University of Groningen
796,keyword:格罗宁根大学
796,keyword:RUG
797,regex:University of Western Australia
797,keyword:西澳大学
797,keyword:澳大利亚西澳大学
797,keyword:UWA
798,regex:University of Auckland
798,keyword:奥克兰大学
799,regex:University of Adelaide
799,keyword:阿德莱德大学
800,regex:University of Oslo
800,keyword:奥斯陆大学
801,regex:Nagoya University
801,keyword:名古屋大学
801,keyword:名大
802,regex:Shanghai Jiao Tong University
802,keyword:上海交通大学
802,keyword:上交学
802,keyword:上交
802,keyword:上海交大
802,keyword:交大
802,keyword:SJTU
803,regex:University of Lausanne
803,keyword:洛桑大学
803,keyword:UNIL
804,regex:Yonsei University
804,keyword:延世大学
805,regex:Lomonosov Moscow State University
805,keyword:莫斯科国立大学
805,keyword:国立莫斯科罗蒙诺索夫大学
805,keyword:莫斯科大学
806,regex:Korea University
806,keyword:高丽大学
806,keyword:高丽大
806,keyword: KRU
807,regex:University of Basel
807,keyword:巴塞尔大学
808,regex:Maastricht University
808,keyword:马斯特里赫特大学
809,regex:Kyushu University
809,keyword:九州大学
809,keyword:九大
810,regex:Hokkaido University
810,keyword:北海道大学
810,keyword:北大
811,regex:Hebrew University of Jerusalem
811,keyword:耶路撒冷以色列希伯来大学
811,keyword:希伯来大学
811,keyword:耶路撒冷希伯来大学
811,keyword:希大
812,regex:University College Dublin
812,keyword:都柏林大学学院
812,keyword:都柏林大学
812,keyword:UCD
813,regex:University of Science and Technology of China
813,keyword:中国科学技术大学
813,regex:中科大
813,regex:中国科大
813,regex:USTC
814,regex:Eindhoven University of Technology
814,keyword:埃因霍芬理工大学
814,keyword:埃因霍芬理工
814,keyword:埃因霍温理工大学
814,keyword:埃因霍温理工
814,keyword:TU/e
815,regex:Zhejiang University
815,keyword:浙江大学
815,keyword:浙大
816,keyword:拉马尔
816,keyword:拉玛尔
816,keyword:拉马尔大学
816,keyword:拉玛尔大学
816,regex:Lamar University
816,keyword:lamar
817,regex:Chapman University
817,keyword:查普曼大学
817,keyword:查普曼
817,keyword:chapman
818,keyword:天普大学
818,regex:Temple University
818,keyword:Temple
819,keyword:海德堡大学
819,keyword:海德堡
819,regex:Ruprecht-Karls-Universitaet Heidelberg
819,regex:Heidelberg University
820,keyword:卡尔斯鲁厄理工学院
820,keyword:德国卡尔斯鲁厄��工学院
820,keyword:卡尔斯鲁厄理工
820,keyword:德国卡尔斯鲁厄理工
820,keyword:KIT
820,regex:Karlsruher Institut für Technologie
820,regex:Karlsruhe Institute of Technology
821,regex:Aarhus University
821,regex:Aarhus Universitet
821,keyword:Aarhus
821,keyword:奥胡斯大学
821,keyword:奥胡斯
821,keyword:丹麦奥胡斯大学
821,keyword:丹麦奥胡斯
821,keyword:AU
822,regex:Ghent University
822,keyword:Ghent
822,keyword:根特大学
822,keyword:根特
822,keyword:比利时根特大学
822,keyword:比利时根特
823,regex:Universidad de Buenos Aires
823,keyword:布宜诺斯艾利斯大学
823,keyword:布宜诺斯艾利斯
823,keyword:阿根廷布宜诺斯艾利斯大学
823,keyword:阿根廷布宜诺斯艾利斯
823,keyword:UBA
824,regex:Nanjing University
824,keyword:Nanjing
824,keyword:南京大学
824,keyword:南大
824,keyword:NJU
825,regex:Chalmers University of Technology
825,regex:Chalmers tekniska högskola
825,keyword:查尔莫斯理工大学
825,keyword:瑞典查尔莫斯理工大学
825,keyword:查尔莫斯理工
825,keyword:瑞典查尔莫斯理工
825,keyword:查尔姆斯理工大学
825,keyword:瑞典查尔姆斯理工大学
825,keyword:查尔姆斯理工
825,keyword:瑞典查尔姆斯理工
825,keyword:CTH
825,keyword:Chalmers
826,regex:Albert-Ludwigs-Universtät Freiburg
826,regex:University of Freiburg
826,keyword:弗赖堡大学
826,keyword:弗赖堡
826,keyword:德国弗赖堡大学
826,keyword:弗莱堡大学
826,keyword:弗莱堡
826,keyword:德国弗莱堡大学
827,regex:Pierre and Marie Curie University
827,regex:University of Paris VI
827,regex:Université Paris VI
827,regex:Université Pierre et Marie Curie
827,regex:Pierre and Marie Curie University - Paris 6
827,keyword:UPMC
827,keyword:巴黎第六大学
827,keyword:巴黎第六
827,keyword:皮埃尔和玛丽居里大学
828,regex:University of Malaya
828,keyword:马来亚大学
828,keyword:马来亚
828,keyword:UM
828,keyword:马大
829,regex:Indian Institude of Science
829,regex:印度科技学院
829,keyword:IISc
829,keyword:塔塔大学
830,keyword:俄亥俄
830,keyword:俄亥俄大学
830,regex:Ohio University
831,regex:University of Arizona
831,regex:U of Arizona
831,keyword:UA
831,keyword:亚利桑那大学
831,keyword:亚利桑那
832,regex:Washington and Lee
832,keyword:华盛顿与李大学
832,keyword:华盛顿与李
832,keyword:华盛顿和李大学
832,keyword:华盛顿和李
833,regex:George Mason University
833,keyword:乔治梅森大学
833,keyword:乔治梅森
833,keyword:GMU
833,keyword:Mason
834,regex:University of Utah
834,keyword:犹他大学
834,regex:U of U
835,regex:DePaul University
835,regex:德保罗
835,keyword:帝博大学
835,keyword:帝博
835,regex:德保尔
835,keyword:DPU
835,keyword:DePaul
836,regex:Emerson College
836,keyword:Emerson
836,keyword:爱默生
836,keyword:艾默生
836,keyword:埃莫森
836,keyword:爱默生学院
836,keyword:艾默生学院
836,keyword:埃莫森学院
837,regex:Auburn University
837,keyword:奥本
837,keyword:Auburn
837,keyword:Au
837,keyword:奥本大学
838,regex:University of Houston
838,keyword:UH
838,keyword:休斯顿
838,keyword:休斯敦
838,keyword:休士顿
838,keyword:休斯顿大学
838,keyword:休斯敦大学
838,keyword:休士顿大学
839,regex:Université catholiclue de Louvain
839,keyword:新鲁文大学
839,keyword:新鲁汶大学
839,keyword:法语天主教鲁汶大学
839,keyword:法语天主教鲁文大学
839,keyword:法语鲁汶大学
839,keyword:法语鲁文大学
839,keyword:UCL
840,regex:State University of New York at Binghamton
840,regex:Binghamton University--SUNY
840,regex:Binghamton University-SUNY
840,regex:"Binghamton University,SUNY"
840,regex:Binghamton University SUNY
840,regex:Binghamton University
840,keyword:纽约州立大学宾汉姆顿分校
840,keyword:宾汉姆顿
840,keyword:纽州大学宾汉姆顿分校
840,keyword:binghamton
840,keyword:BU
840,keyword:SUNY B
841,regex:University at Buffalo--SUNY
841,regex:University at Buffalo-SUNY
841,regex:"University at Buffalo,SUNY"
841,regex:University at Buffalo SUNY
841,regex:University of Buffalo
841,regex:University at Buffalo
841,regex:"University at Buffalo, the State University of New York"
841,keyword:纽约州立大学水牛城分校
841,keyword:UB
841,keyword:纽州大学水牛城分校
841,keyword:纽约州立大学布法罗分校
841,keyword:纽州大学布法罗分校
842,regex:State University of New York at Albany
842,regex:University at Albany--SUNY
842,regex:University at Albany-SUNY
842,regex:"University at Albany,SUNY"
842,regex:University at Albany SUNY
842,regex:University at Albany
842,keyword:纽约州立大学阿尔巴尼分校
842,keyword:纽州大学阿尔巴尼分校
843,regex:University of Vermont
843,keyword:佛蒙特大学
843,keyword:佛蒙特
843,keyword:UVM
843,keyword:Vermont
844,regex:Loyola University Chicago
844,keyword:芝加哥洛约拉大学
844,keyword:芝加哥洛约拉
844,keyword:洛约拉大学
844,keyword:洛约拉
844,keyword:loyola
845,regex:University of California-Santa Cruz
845,regex:University of California Santa Cruz
845,regex:University of California—Santa Cruz
845,regex:UC Santa Cruz
845,keyword:加利福尼亚大学圣克鲁兹分校
845,keyword:UCSC
845,keyword:加州大学圣克鲁兹
845,keyword:加州大学圣克鲁兹分校
845,keyword:加州圣克鲁兹
845,keyword:圣克鲁兹
845,keyword:加州圣克鲁兹分校
846,regex:UC Riverside
846,regex:"University of California, Riverside"
846,regex:University of California--Riverside
846,regex:University of California Riverside
846,regex:University of California-Riverside
846,regex:University of California—Riverside
846,keyword:加州大学河滨分校
846,keyword:加利福尼亚大学河滨分校
846,keyword:加州大学河滨
846,keyword:河滨分校
846,keyword:加利福尼亚大学河滨
847,regex:University of Tennessee
847,regex:"University of Tennessee,Knoxville"
847,regex:"University of Tennessee, Knoxville"
847,regex:University of Tennessee-Knoxville
847,regex:University of Tennessee--Knoxville
847,keyword:UT
847,keyword:Tennessee
847,keyword:田纳西
847,keyword:田纳西大学
847,keyword:田纳西大学诺克斯维尔
847,keyword:诺克斯维尔分校
847,keyword:田纳西大学诺克斯维尔分校
848,regex:University of Cincinnati
848,keyword:UC
848,keyword:Cincinnati
848,keyword:辛辛那提
848,keyword:辛辛那提大学
849,regex:Oklahoma State University
849,regex:Oklahoma State
849,regex:OKState
849,regex:O-State
849,keyword:俄克拉荷马州立
849,keyword:俄克拉荷马州立大学
850,regex:Missouri University of Science & Technology
850,regex:Missouri University of Science and Technology
850,regex:"University of Missouri at Rolla,USA"
850,regex:"University of Missouri at Rolla, USA"
850,regex:University of Missouri at Rolla-USA
850,regex:University of Missouri at Rolla--USA
850,keyword:密苏里科学技术大学
850,keyword:密苏里科技大学
850,keyword:密苏里大学罗拉分校
850,keyword:密苏里理工大学
851,regex:New Jersey Institute of Technology
851,keyword:NJIT
851,keyword:新泽西理工
851,keyword:新泽西理工学院
852,regex:Kansas State University
852,keyword:KSU
852,keyword:堪萨斯州立大学
853,regex:Clarkson University
853,keyword:克拉克森大学
854,regex:Texas Tech University
854,keyword:Texas Tech Uni
854,keyword:得克萨斯理工大学
855,regex:Illinois Institute of Technology
855,keyword:IIT
855,keyword:Illinois Tech
855,keyword:伊利诺理工大学
855,keyword:伊利诺伊斯理工大学
855,keyword:伊利诺伊理工学院
856,regex:Michigan Technological University
856,keyword:MTU
856,keyword:密歇根理工大学
857,regex:University of Oklahoma
857,keyword:OU
857,keyword:俄克拉荷马大学
859,regex:University of Kansas
859,keyword:KU
859,keyword:堪萨斯大学
860,regex:Louisiana State University—Baton Rouge
860,regex:Louisiana State University-Baton Rouge
860,regex:Louisiana State University--Baton Rouge
860,regex:"Louisiana State University,Baton Rouge"
860,regex:"Louisiana State University, Baton Rouge"
860,keyword:LSU
860,keyword:路易斯安那州立大学
861,regex:University of South Carolina
861,keyword:USC
861,keyword:南卡罗来纳大学
861,keyword:南卡罗来纳大学哥伦比亚分校
861,keyword:南卡罗来纳哥伦比亚分校
861,keyword:南卡罗来纳大学哥伦比亚
862,regex:City College of New York
862,regex:CUNY—City College
862,regex:CUNY-City College
862,regex:CUNY--City College
862,regex:"CUNY,City College"
862,regex:"CUNY, City College"
862,keyword:纽约市立大学城市学院
862,keyword:纽约市立学院
862,keyword:纽约城市学院
862,keyword:CCNY
863,regex:"University of Maryland, Baltimore County"
863,regex:"University of Maryland,Baltimore County"
863,regex:University of Maryland-Baltimore County
863,regex:University of Maryland--Baltimore County
863,regex:University of Maryland—Baltimore County
863,keyword:马里兰大学巴尔的摩郡分校
863,keyword:马里兰大学巴尔的摩县分校
863,keyword:马里兰巴尔的摩郡分校
864,regex:West Virginia University
864,keyword:WVU
864,keyword:西弗吉尼亚大学
865,regex:"University of Nevada, Las Vegas"
865,regex:University of Nevada -Las Vegas
865,regex:University of Nevada- Las Vegas
865,regex:University of Nevada Las Vegas
865,regex:University of Nevada--Las Vegas
865,keyword:内华达大学拉斯维加斯分校
865,keyword:内华达大学拉斯维加斯校区
865,keyword:内华达大学拉斯维加斯
865,keyword:内华达拉斯维加斯分校
865,keyword:内华达拉斯维加斯
865,keyword:UNLV
866,regex:University of Maine
866,keyword:缅因大学
867,regex:University of Alaska Fairbanks
867,regex:"University of Alaska, Fairbanks"
867,regex:"University of Alaska,Fairbanks"
867,regex:University of Alaska—Fairbanks
867,regex:University of Alaska--Fairbanks
867,regex:University of Alaska-Fairbanks
867,keyword:UAF
867,keyword:阿拉斯加大学费尔班克斯分校
867,keyword:阿拉斯加大学费尔班克斯
867,keyword:阿拉斯加费尔班克斯分校
867,keyword:阿拉斯加费尔班克斯
868,regex:New Mexico State University
868,keyword:新墨西哥州立大学
868,keyword:NMSU
869,regex:Mississippi State University
869,keyword:密西西比州立大学
869,keyword:MSU
870,regex:Wayne State University
870,keyword:韦恩州立大学
870,keyword:韦恩州立
870,keyword:WSU
871,regex:University of Hawaii at Manoa
871,regex:University of Hawaii-Manoa
871,regex:University of Hawaii--Manoa
871,regex:University of Hawaii Manoa
871,regex:"University of Hawaii, Manoa"
871,regex:"University of Hawaii,Manoa"
871,keyword:夏威夷大学玛诺阿分校
871,keyword:夏威夷玛诺阿分校
871,keyword:夏威夷大学玛诺阿
872,regex:University of New Mexico
872,keyword:UNM
872,keyword:新墨西哥大学
873,regex:University of Wyoming
873,keyword:怀俄明大学
873,keyword:怀俄明
873,keyword:UW
874,regex:"University of Colorado, Denver"
874,regex:"University of Colorado,Denver"
874,regex:University of Colorado-Denver
874,regex:University of Colorado--Denver
874,regex:University of Colorado Denver
874,regex:CU Denver
874,keyword:科罗拉多大学丹佛分校
874,keyword:科罗拉多大学丹佛
874,keyword:科罗拉多丹佛分校
875,regex:University of Arkansas Fayetteville
875,regex:University of Arkansas-Fayetteville
875,regex:University of Arkansas－Fayetteville
875,regex:University of Arkansas at Fayetteville
875,regex:University of Arkansas--Fayetteville
875,regex:"University of Arkansas,Fayetteville"
875,regex:"University of Arkansas, Fayetteville"
875,keyword:UAF
875,keyword:阿肯色大学费耶特维尔分校
875,keyword:阿肯色费耶特维尔分校
875,keyword:阿肯色大学费耶特维尔
875,keyword:阿肯色大学
875,keyword:费耶特维尔分校
876,regex:University of Arkansas Little Rock
876,regex:University of Arkansas-Little Rock
876,regex:University of Arkansas－Little Rock
876,regex:University of Arkansas at Little Rock
876,regex:University of Arkansas--Little Rock
876,regex:"University of Arkansas,Little Rock"
876,regex:"University of Arkansas, Little Rock"
876,keyword:UALR
876,keyword:阿肯色大学小石城分校
876,keyword:阿肯色大学小石城
876,keyword:小石城分校
876,keyword:阿肯色小石城分校
877,regex:University of Arkansas Monticello
877,regex:University of Arkansas-Monticello
877,regex:University of Arkansas－Monticello
877,regex:University of Arkansas at Monticello
877,regex:University of Arkansas--Monticello
877,regex:"University of Arkansas,Monticello"
877,regex:"University of Arkansas, Monticello"
877,keyword:UAM
877,keyword:阿肯色大学蒙塞蒂洛分校
877,keyword:阿肯色大学蒙塞蒂洛
877,keyword:蒙塞蒂洛分校
877,keyword:阿肯色蒙塞蒂洛分校
878,regex:University of Arkansas Pine Bluff
878,regex:University of Arkansas-Pine Bluff
878,regex:University of Arkansas－Pine Bluff
878,regex:University of Arkansas at Pine Bluff
878,regex:University of Arkansas--Pine Bluff
878,regex:"University of Arkansas,Pine Bluff"
878,regex:"University of Arkansas, Pine Bluff"
878,keyword:UAPB
878,keyword:阿肯色大学松崖分校
878,keyword:阿肯色大学松崖
878,keyword:松崖分校
878,keyword:阿肯色松崖分校
879,regex:University of Arkansas Fort Smith
879,regex:University of Arkansas-Fort Smith
879,regex:University of Arkansas－Fort Smith
879,regex:University of Arkansas at Fort Smith
879,regex:University of Arkansas--Fort Smith
879,regex:"University of Arkansas,Fort Smith"
879,regex:"University of Arkansas, Fort Smith"
879,keyword:UAFS
879,keyword:阿肯色大学史密斯堡分校
879,keyword:阿肯色大学史密斯堡
879,keyword:史密斯堡分校
879,keyword:阿肯色史密斯堡分校
880,regex:Utah State University
880,keyword:USU
880,keyword:犹他州立大学
881,regex:Missouri University of Science and Technology
881,keyword:密苏里科技大学
881,keyword:密苏里大学理工学院
882,regex:"University of Nevada, Reno"
882,regex:"University of Nevada,Reno"
882,regex:University of Nevada-Reno
882,regex:University of Nevada--Reno
882,regex:University of Nevada at Reno
882,regex:University of Nevada－Reno
882,keyword:UNR
882,keyword:内华达大学雷诺分校
882,keyword:内华达大学雷诺
882,keyword:内华达大学里诺校区
882,keyword:雷诺分校
882,keyword:内华达雷诺分校
883,regex:University of Illinois at Chicago
883,regex:University of Illinois Chicago
883,regex:University of Illinois-Chicago
883,regex:University of Illinois－Chicago
883,regex:University of Illinois—Chicago
883,regex:University of Illinois--Chicago
883,regex:"University of Illinois,Chicago"
883,regex:"University of Illinois, Chicago"
883,keyword:伊利诺伊大学芝加哥分校
883,keyword:伊利诺伊大学芝加哥
883,keyword:伊利诺伊大学芝加哥校区
883,keyword:伊利诺伊芝加哥分校
883,keyword:UIC
884,regex:University of Central Florida
884,keyword:UCF
884,keyword:中弗罗里达大学
884,keyword:中佛罗里达大学
884,keyword:中佛罗里达
885,regex:"University of North Carolina,Charlotte"
885,regex:"University of North Carolina, Charlotte"
885,regex:University of North Carolina-Charlotte
885,regex:University of North Carolina Charlotte
885,regex:University of North Carolina--Charlotte
885,regex:University of North Carolina at Charlotte
885,regex:University of North Carolina－Charlotte
885,regex:University of North Carolina—Charlotte
885,keyword:北卡罗来纳大学夏洛特分校
885,keyword:北卡罗来纳大学夏洛特校区
885,keyword:北卡罗来纳大学夏洛特
885,keyword:北卡罗来纳夏洛特分校
885,keyword:夏洛特分校
886,regex:CUNY--Hunter College
886,regex:CUNY－Hunter College
886,regex:CUNY-Hunter College
886,regex:CUNY Hunter College
886,regex:"CUNY, Hunter College"
886,keyword:纽约市立大学亨特学院
886,keyword:纽约市立大学亨特
887,regex:University of Oregon
887,keyword:俄勒冈大学
887,keyword:UO
888,regex:Rochester Institute of Technology
888,keyword:RIT
888,keyword:罗切斯特理工学院
888,keyword:罗切斯特理工
889,regex:CUNY-Graduate School and University Center
889,regex:CUNY--Graduate School and University Center
889,regex:"CUNY,Graduate School and University Center"
889,regex:"CUNY, Graduate School and University Center"
889,keyword:纽约城市大学研究生院和大学中心
889,keyword:纽约市立大学研究生院和大学中心
890,regex:Washington State University
890,keyword:华盛顿州立大学
890,keyword:WSU
891,regex:"University of Wisconsin, Milwaukee"
891,regex:"University of Wisconsin,Milwaukee"
891,regex:University of Wisconsin at Milwaukee
891,regex:University of Wisconsin-Milwaukee
891,regex:University of Wisconsin--Milwaukee
891,keyword:威斯康辛密尔沃基分校
891,keyword:威斯康辛密尔沃基
891,keyword:威斯康星密尔沃基分校
891,keyword:威斯康星密尔沃基
891,keyword:UWM
892,regex:"Rutgers,the State University of New jersey-Newark"
892,regex:"Rutgers,State University of New jersey-Newark"
892,keyword:"Rutgers,the State University of New Jersey--Newark"
892,keyword:"Rutgers,State University of New Jersey--Newark"
892,regex:Rutgers-Newark
892,keyword:罗格斯大学纽华克分校
892,keyword:罗格斯新泽西州立大学纽华克分校
893,regex:University of Kentucky
893,keyword:卡塔基大学
893,keyword:Kentucky
894,regex:Kent State University
894,keyword:肯特州立大学
894,keyword:肯特州立
895,regex:University of Alabama at Birmingham
895,keyword:阿拉巴马大学伯明翰分校
895,keyword:阿拉巴马大学伯明翰
895,keyword:阿拉巴马伯明翰分校
895,keyword:UAB
896,regex:Wesleyan University
896,keyword:卫斯理大学
896,keyword:卫斯理安大学
896,keyword:韦斯利安大学
896,keyword:卫斯廉大学
896,keyword:Wesleyan
897,regex:University of Memphis
897,keyword:孟菲斯大学
897,keyword:Mephis
898,regex:"University of Texas,Arlington"
898,regex:"University of Texas, Arlington"
898,regex:University of Texas—Arlington
898,regex:University of Texas-Arlington
898,regex:University of Texas--Arlington
898,regex:University of Texas Arlington
898,keyword:德克萨斯大学阿灵顿分校
898,keyword:德克萨斯大学阿灵顿
898,keyword:德克萨斯阿灵顿分校
898,keyword:德州大学阿灵顿分校
898,regex:UT Arlington
898,keyword:UTA
899,regex:Santa Clara University
899,regex:the Jesuit university in Silicon Valley
899,keyword:圣克拉拉大学
899,keyword:圣塔克拉拉大学
899,keyword:硅谷的耶稣会大学
900,regex:Grove City College
900,keyword:格罗夫城市学院
900,keyword:GCC
901,regex:Air Force Institute of Technolog
901,keyword:美国空军学院
902,regex:Naval Postgraduate School
902,keyword:海军研究院
902,keyword:美国海军研究院
903,regex:Claremont Graduate University
903,keyword:克莱蒙研究大学
904,regex:University of Texas at Dallas
904,keyword:德克萨斯达拉斯
904,keyword:德州达拉斯
904,keyword:德克萨斯大学达拉斯
904,keyword:德州大学达拉斯
904,keyword:德克萨斯大学达拉斯分校
904,keyword:德州大学达拉斯分校
904,keyword:UTD
904,regex:UT Dallas
905,regex:Oregon Health and Science University
905,regex:俄勒冈健康科学大学
905,regex:俄勒冈健康与科学大学
906,regex:University of South Florida
906,keyword:USF
906,keyword:南佛罗里达大学
907,regex:University of Massachusetts Lowell
907,keyword:麻省大学洛威尔分校
907,keyword:麻省大学洛威尔
908,regex:Bentley University
908,keyword:Bentley
908,keyword:本特利大学
908,keyword:本特利
909,regex:Texas Tech University
909,keyword:TTU
909,keyword:德州理工大学
909,keyword:德州理工
910,regex:University of Idaho
910,keyword:爱达荷大学
911,regex:University of Dayton
911,keyword:代顿大学
911,keyword:戴顿大学
912,regex:Florida Agricultural and Mechanical University
912,keyword:FAMU
912,keyword:佛罗里达农工大学
912,keyword:佛罗里达农机大学
913,regex:Old Dominion University
913,keyword:ODU
913,keyword:欧道明大学
913,keyword:欧道明
914,regex:University of alabama in huntsville
914,regex:huntsville
914,keyword:阿拉巴马大学汉茨维尔分校
914,keyword:阿拉巴马大学汉茨维尔
914,keyword:汉茨维尔
915,regex:Virginia Commonwealth University
915,keyword弗吉尼亚联邦大学
916,regex:Indiana University-Purdue University,Indianapolis
916,keyword:IUPUI
916,keyword:普渡大学印第安纳波利斯分校
916,keyword:印第安纳波利斯
917,regex:San Diego State University
917,keyword:SDSU
917,keyword:圣地亚哥州立大学
918,regex:University of Mississippi
918,keyword:密西西比大学
919,regex:Wright State University
919,keyword:怀特州立大学
920,keyword:哈沃德大学
920,keyword:霍华德大学
920,keyword:HU
920,regex:Howard University
921,keyword:蒙大拿州立大学
921,regex:Montana State University
921,keyword:MSU
922,keyword:北卡罗来纳州立农业技术大学
922,keyword:北卡罗莱那农业理工州立大学
922,regex:North Carolina A & T State University
923,keyword:田纳西理工大学
923,regex:Tennessee Technological University
923,keyword:TTU
924,keyword:阿克伦大学
924,regex:University of Akron
925,keyword:科罗拉多大学科罗拉多斯普林斯分校
925,keyword:科罗拉多斯普林斯
925,regex:University of Colorado, Colorado Springs
925,keyword:Colorado Springs
926,keyword:路易维尔大学
926,keyword:路易斯维尔大学
926,regex:University of Louisville
926,keyword:U of L
927,keyword:马萨诸塞大学洛厄尔分校
927,keyword:洛厄尔分校
927,regex:University of Massachusetts,Lowell
927,keyword:UMass Lowell
927,keyword:UML
928,keyword:托莱多大学
928,regex:University of Toledo
929,keyword:威奇塔州立大学
929,keyword:卫奇塔州立大学
929,regex:Wichita State University
929,keyword:WSU
930,keyword:克里夫兰州立大学
930,regex:Cleveland State University
930,keyword:CSU
931,keyword:佛罗里达大西洋大学
931,regex:Florida Atlantic University
931,keyword:FAU
932,keyword:佛罗里达理工学院
932,regex:Florida Institute of Technology
932,keyword:FIT
933,keyword:佛罗里达国际大学
933,keyword:FIU
933,regex:Florida International University
934,keyword:路易斯安那理工大学
934,regex:Louisiana Tech University
935,keyword:北达科他州立大学
935,regex:North Dakota State University
935,keyword:NDSU
936,keyword:波特兰州立大学
936,regex:Portland State University
936,keyword:PSU
937,keyword:南达科他矿业技术学院
937,regex:South Dakota School of Mines and Technology
938,keyword:南达科他州立大学
938,keyword:南达科塔州立大学留学
938,regex:South Dakota State University 
938,keyword:SDSU
939,keyword:南伊利诺伊大学卡本代尔分校
939,regex:Southern Illinois University Carbondale
939,keyword:Carbondale
940,keyword:田纳西州立大学
940,regex:Tennessee State University
941,keyword:德州农工大学金斯维尔分校
941,keyword:德克萨斯农工大学金斯维尔分校
941,regex:Texas A&M University Kingsville
941,keyword:Kingsville
942,keyword:美国天主大学
942,keyword:美国天主教大学
942,regex:The Catholic University of America
942,keyword:CUA
943,keyword:桥港大学
943,regex:University of Bridgeport 
943,keyword:UB
944,keyword:底特律大学
944,keyword:底特律慈悲大学
944,regex:University of Detroit Mercy
945,keyword:密苏里州大学堪萨斯城分校
945,regex:University of Missouri,Kansas City
945,keyword:UMKC
946,keyword:新奥尔良大学
946,regex:University of New Orleans
946,keyword:UNO
947,keyword:北达科他大学
947,regex:University of North Dakota
947,keyword:UND
948,keyword:德克萨斯大学埃尔帕索分校
948,regex:University of Texas, El Paso
948,keyword:UTEP
949,keyword:西密歇根大学
949,regex:Western Michigan University
949,keyword:WMU
950,keyword:纽约州立大学阿尔弗雷德分校
950,regex:Alfred State SUNY College of Technology
951,regex:New Mexico Institute of Mining and Technology
955,regex:University of Texas Southwestern Medical Center
955,keyword:德克萨斯大学西南医学中心
954,regex:德克萨斯安东尼奥分校
954,regex:"University of Texas, San Antonio"
954,regex:University of Texas at San Antonio
954,keyword:UTSA
956,regex:University of Texas Health Science Center—​Houston
956,keyword:德克萨斯大学休斯敦医学中心
951,keyword:新墨西哥矿业与科技学院
952,regex:University of North Texas
952,keyword:北德克萨斯州大学
957,regex:University of Texas Health Science Center—​San Antonio
957,keyword:德克萨斯大学圣安东尼奥健康科学中心
958,regex:University of Texas Medical Branch—​Galveston
958,keyword:德克萨斯大学加尔维斯顿医学分部
959,keyword:美国斯克利普斯研究所
959,regex:The Scripps Research Institute
960,regex:The Rockefeller University
960,keyword:洛克菲勒大学
961,regex:Mayo Medical School
961,keyword:梅奥医学院
962,regex:Icahn School of Medicine at Mount Sinai
962,keyword:西奈山伊坎医学院
963,regex:University of Massachusetts Medical Center—​Worcester
963,keyword:马萨诸塞大学伍斯特分校
964,keyword:内布拉斯加大学医学中心
964,regex:University of Nebraska Medical Center
965,regex:Medical College of Wisconsin
965,keyword:威斯康星医学院
966,regex:Thomas Jefferson University
966,keyword:托马斯杰斐逊大学
967,regex:Baylor College of Medicine
967,keyword:贝勒医学院
968,regex:Texas A&M Health Science Center—​Baylor College of Dentistry
968,keyword:德州农工大学的健康科学中心—贝勒牙医学院
969,regex:Rutgers Biomedical and Health Sciences
969,keyword:罗格斯大学生物医学和健康科学部
970,regex:Idaho State University
970,keyword:isu
970,regex:爱达荷州立大学
970,keyword:爱达荷州立
971,regex:Weill Cornell Graduate School of Medical Sciences
971,keyword:WCGS
971,regex:康奈尔医学研究学院